-- MariaDB dump 10.17  Distrib 10.4.12-MariaDB, for debian-linux-gnu (x86_64)
--
-- Host: localhost    Database: wavesdb
-- ------------------------------------------------------
-- Server version	10.4.12-MariaDB-1:10.4.12+maria~bionic

/*!40101 SET @OLD_CHARACTER_SET_CLIENT=@@CHARACTER_SET_CLIENT */;
/*!40101 SET @OLD_CHARACTER_SET_RESULTS=@@CHARACTER_SET_RESULTS */;
/*!40101 SET @OLD_COLLATION_CONNECTION=@@COLLATION_CONNECTION */;
/*!40101 SET NAMES utf8mb4 */;
/*!40103 SET @OLD_TIME_ZONE=@@TIME_ZONE */;
/*!40103 SET TIME_ZONE='+00:00' */;
/*!40014 SET @OLD_UNIQUE_CHECKS=@@UNIQUE_CHECKS, UNIQUE_CHECKS=0 */;
/*!40014 SET @OLD_FOREIGN_KEY_CHECKS=@@FOREIGN_KEY_CHECKS, FOREIGN_KEY_CHECKS=0 */;
/*!40101 SET @OLD_SQL_MODE=@@SQL_MODE, SQL_MODE='NO_AUTO_VALUE_ON_ZERO' */;
/*!40111 SET @OLD_SQL_NOTES=@@SQL_NOTES, SQL_NOTES=0 */;

--
-- Table structure for table `applications`
--

DROP TABLE IF EXISTS `applications`;
/*!40101 SET @saved_cs_client     = @@character_set_client */;
/*!40101 SET character_set_client = utf8 */;
CREATE TABLE `applications` (
  `idapplication` varchar(225) NOT NULL,
  `user_id` varchar(128) NOT NULL,
  `text` text DEFAULT NULL,
  `state` enum('WAITING','ACCEPTED','REJECTED') NOT NULL DEFAULT 'WAITING',
  `poolevent_id` varchar(225) NOT NULL,
  `updated_at` bigint(11) NOT NULL,
  `created_at` bigint(11) NOT NULL,
  PRIMARY KEY (`idapplication`),
  UNIQUE KEY `uq_uid_peid` (`user_id`,`poolevent_id`),
  KEY `fk_poolevent_idx` (`poolevent_id`),
  KEY `fk_user_idx` (`user_id`)
) ENGINE=InnoDB DEFAULT CHARSET=utf8mb4;
/*!40101 SET character_set_client = @saved_cs_client */;

--
-- Dumping data for table `applications`
--

LOCK TABLES `applications` WRITE;
/*!40000 ALTER TABLE `applications` DISABLE KEYS */;
INSERT INTO `applications` VALUES ('02a40125-5fc1-4bea-b818-4becac2dfa3b','8d411dc4-e76f-4d0e-a027-056a0bc43be5','TEST TEXT','WAITING','7f5bbf3f-fe84-478a-b4c1-586b6a658984',1584024630183,1584024630183),('05267ca4-6813-44c9-94e2-51f0f9a2bec3','8d411dc4-e76f-4d0e-a027-056a0bc43be5','TEST TEXT','WAITING','8963525c-9ad0-496a-8c7d-6c5f693a581c',1584030034098,1584030034098),('0552cb22-a47a-4cb1-8ee3-5703fdcbe836','8d411dc4-e76f-4d0e-a027-056a0bc43be5','TEST TEXT','WAITING','dde4cc5b-d0be-4ec9-a44e-19a082d39473',1584024725486,1584024725486),('07473f99-a3eb-447f-b493-b664f9a997d2','8d411dc4-e76f-4d0e-a027-056a0bc43be5','TEST TEXT','WAITING','a9f5133a-e5ad-48b9-998d-da0c40193a06',1584024595228,1584024595228),('0fea42a6-76ae-423c-9940-508024c7c082','8d411dc4-e76f-4d0e-a027-056a0bc43be5','TEST TEXT','WAITING','fce81eec-09c2-4202-b723-3fbbaa46743b',1584025073289,1584025073289),('100','4a74141e-c2c0-46a0-9c0c-84bef8be7d0f','Lorem ipsum dolor sit amet, consectetur adipiscing elit. Etiam et fermentum dui. Ut orci quam, ornare sed lorem sed, hendrerit auctor dolor. Nulla viverra, nibh quis ultrices malesuada, ligula ipsum vulputate diam, aliquam egestas nibh ante vel dui. Sed in tellus interdum eros vulputate placerat sed non enim. Pellentesque eget justo porttitor urna dictum fermentum sit amet sed mauris. Praesent molestie vestibulum erat ac rhoncus. Aenean nunc risus, accumsan nec ipsum et, convallis sollicitudin dui. Proin dictum quam a semper malesuada. Etiam porta sit amet risus quis porta. Nulla facilisi. Cras at interdum ante. Ut gravida pharetra ligula vitae malesuada.','WAITING','524',20200220180349,20200220180349),('10706217-ee63-4990-b0ea-9aabdeb8810d','8d411dc4-e76f-4d0e-a027-056a0bc43be5','TEST TEXT','WAITING','db41940d-c00c-4a33-8de0-60f1e12eabc0',1584025124732,1584025124732),('15cfbadf-d8ef-4d4e-9d0d-adfd9cb6053c','8d411dc4-e76f-4d0e-a027-056a0bc43be5','TEST TEXT','WAITING','0c8c08a9-7248-412f-b228-ef1f5a985a93',1584029994401,1584029994401),('1c804ff8-0586-4614-a4b7-76602da908a1','8d411dc4-e76f-4d0e-a027-056a0bc43be5','TEST TEXT','WAITING','a4eb0117-11a3-46da-a0d4-c3d5cb2f5500',1584028898876,1584028898876),('1ece5074-01f9-45d6-8c07-a045864488b4','8d411dc4-e76f-4d0e-a027-056a0bc43be5','TEST TEXT','WAITING','4cee7a5c-6afd-4dec-8613-0356a37000fa',1584027286790,1584027286790),('202665f7-6eb6-4c9a-8f65-4ea4e1841d44','8d411dc4-e76f-4d0e-a027-056a0bc43be5','TEST TEXT','WAITING','092d507a-04f5-4b87-82bd-dfa8b9a81d4b',1584028779632,1584028779632),('217a1955-fff3-4b74-badc-70f51b2a56a4','8d411dc4-e76f-4d0e-a027-056a0bc43be5','TEST TEXT','WAITING','5277c773-df37-487e-b26d-9f57ea303382',1584013325368,1584013325368),('229331f7-00e3-4ab8-b821-ae30a0d7fb0a','8d411dc4-e76f-4d0e-a027-056a0bc43be5','TEST TEXT','WAITING','4dae695f-e7c8-4a25-ba81-1592a31736d4',1584026349301,1584026349301),('27ba6a4e-3d7f-430a-84ea-59af43c9e514','8d411dc4-e76f-4d0e-a027-056a0bc43be5','TEST TEXT','WAITING','24bf5901-b910-491c-8803-983b4f69264c',1584027663319,1584027663319),('28a49f66-58f4-497c-ac20-592037e48c7e','8d411dc4-e76f-4d0e-a027-056a0bc43be5','TEST TEXT','WAITING','395aba6c-c438-4680-8a02-dadf4dd5da3b',1584014128211,1584014128211),('2d866b2d-e9ec-4ba2-af6e-a0e59298120b','8d411dc4-e76f-4d0e-a027-056a0bc43be5','TEST TEXT','WAITING','c0068760-9bf0-41e7-8b42-1737a92b2912',1584026340306,1584026340306),('2dc6b146-6c05-43f9-8996-f48231e009da','8d411dc4-e76f-4d0e-a027-056a0bc43be5','TEST TEXT','WAITING','c5eade9b-ba5d-4c4f-862f-f303ebc6d123',1584014329225,1584014329225),('2e5835b2-858b-482a-9c16-dbdcb3e078d7','8d411dc4-e76f-4d0e-a027-056a0bc43be5','TEST TEXT','WAITING','1eb4c214-c994-4f1a-8dd4-160dcd3deda9',1584013316621,1584013316621),('32f981f3-341e-487b-a7e4-96250ad4098a','8d411dc4-e76f-4d0e-a027-056a0bc43be5','TEST TEXT','WAITING','58f34ca3-0934-4255-8e60-32914e2abe50',1584026096774,1584026096774),('3d64728a-4437-4668-8ed5-5c6411381fbd','8d411dc4-e76f-4d0e-a027-056a0bc43be5','TEST TEXT','WAITING','0986fefc-7974-4a24-b839-70e959cb3b52',1584013301700,1584013301700),('4133cd9b-7c2a-4eac-83be-aab86dddf8b9','8d411dc4-e76f-4d0e-a027-056a0bc43be5','TEST TEXT','WAITING','f9bb4533-e85d-48d8-b624-260fa7a1c2e9',1584030021193,1584030021193),('414a1f74-af22-4f07-bf2e-3070e64db9eb','8d411dc4-e76f-4d0e-a027-056a0bc43be5','TEST TEXT','WAITING','766803dd-1ad6-4f28-9ab2-d7d892078bf8',1584027543980,1584027543980),('4200b688-b9d8-4869-b836-b8145b56760b','8d411dc4-e76f-4d0e-a027-056a0bc43be5','TEST TEXT','WAITING','6cf8819d-261e-441a-82a8-a497adc645c8',1584025240700,1584025240700),('4428feb0-7a42-4a8f-8049-298caa44a93b','8d411dc4-e76f-4d0e-a027-056a0bc43be5','TEST TEXT','WAITING','8b5ef10c-e0d7-4dcd-8e8b-944c0dd3fe01',1584025127883,1584025127883),('4a439882-8e75-469d-8338-8666bd902b8d','8d411dc4-e76f-4d0e-a027-056a0bc43be5','TEST TEXT','WAITING','a57a0194-f9af-4bd2-a531-171c54d1180f',1584028801264,1584028801264),('4d90e7b6-fe39-4ee9-a562-17809928968d','8d411dc4-e76f-4d0e-a027-056a0bc43be5','TEST TEXT','WAITING','6985d383-ca18-430f-9d87-a1fb467904ac',1584014091886,1584014091886),('4e1fdfe3-68d6-404b-a376-472bc56ecb2c','8d411dc4-e76f-4d0e-a027-056a0bc43be5','TEST TEXT','WAITING','65adc4df-d07b-4249-9fec-ab89a5160e5e',1584012683570,1584012683570),('521c8390-78de-4de6-8347-3e85e1a0fb90','8d411dc4-e76f-4d0e-a027-056a0bc43be5','TEST TEXT','WAITING','17d2a5bf-b7d8-4bf8-bca0-b9ab08bce06a',1584028794832,1584028794832),('53b0cab9-6c6e-4977-a5bd-648836b51218','8d411dc4-e76f-4d0e-a027-056a0bc43be5','TEST TEXT','WAITING','6f699fae-9f64-498b-b840-566d5d81500b',1584025135944,1584025135944),('57c34b4a-c71d-452d-9997-eb15686e0344','8d411dc4-e76f-4d0e-a027-056a0bc43be5','TEST TEXT','WAITING','53f52a76-4c0a-42b2-a0de-20ab39b34af6',1584029742073,1584029742073),('5f952934-5130-4214-9d45-5a9f9021e50d','8d411dc4-e76f-4d0e-a027-056a0bc43be5','TEST TEXT','WAITING','bdd8821e-957d-4801-b318-5359566051ed',1584013658924,1584013658924),('63cabfdc-779d-4df7-aa21-8c98e12e8772','8d411dc4-e76f-4d0e-a027-056a0bc43be5','TEST TEXT','WAITING','d9df16de-ffd3-4615-a034-2846c30eb1c2',1584026085844,1584026085844),('6c3b14a1-7d1f-4bd5-a5c8-83aea678ffd9','8d411dc4-e76f-4d0e-a027-056a0bc43be5','TEST TEXT','WAITING','b8c73e95-35c0-4e84-ae5c-48e8604ca617',1584028972457,1584028972457),('6d4d22dd-80b0-4a11-86ee-c081ba7a8473','8d411dc4-e76f-4d0e-a027-056a0bc43be5','TEST TEXT','WAITING','25bc3b69-8077-44ba-aef9-827f3ae2e338',1584029906943,1584029906943),('71fcd265-b328-480a-84d9-91a4fdbe5965','8d411dc4-e76f-4d0e-a027-056a0bc43be5','TEST TEXT','WAITING','523472d1-4102-4109-8067-2a922a46d026',1584026092979,1584026092979),('7a0600e2-5ede-4b33-9054-98484e0948bf','8d411dc4-e76f-4d0e-a027-056a0bc43be5','TEST TEXT','WAITING','0e1c3150-6608-4754-b912-4586e7a34d35',1584025131723,1584025131723),('7d8b5b57-6450-462e-aa8d-2f09fb4d0d1d','8d411dc4-e76f-4d0e-a027-056a0bc43be5','TEST TEXT','WAITING','9300ddbf-c902-4c01-935e-e37b0b351c29',1584028788180,1584028788180),('800b1079-1e24-4643-9a00-928c512b4c8a','8d411dc4-e76f-4d0e-a027-056a0bc43be5','TEST TEXT','WAITING','f96ecabd-b878-4b60-91e7-33ae7a6cc8c3',1584025322309,1584025322309),('824c8261-7529-4bc0-acce-42f07dba2c53','8d411dc4-e76f-4d0e-a027-056a0bc43be5','TEST TEXT','WAITING','700442dd-4a6b-4c2f-8b42-768b180319f1',1584012673223,1584012673223),('83','4a74141e-c2c0-46a0-9c0c-84bef8be7d0f','Lorem ipsum dolor sit amet, consectetur adipiscing elit. Etiam et fermentum dui.','WAITING','0',20200209223343,20200209223343),('85','4a74141e-c2c0-46a0-9c0c-84bef8be7d0f','Lorem ipsum dolor sit amet, consectetur adipiscing elit. Etiam et fermentum dui. Ut orci quam, ornare sed lorem sed, hendrerit auctor dolor. Nulla viverra, nibh quis ultrices malesuada, ligula ipsum vulputate diam, aliquam egestas nibh ante vel dui. Sed in tellus interdum eros vulputate placerat sed non enim. Pellentesque eget justo porttitor urna dictum fermentum sit amet sed mauris. Praesent molestie vestibulum erat ac rhoncus. Aenean nunc risus, accumsan nec ipsum et, convallis sollicitudin dui. Proin dictum quam a semper malesuada. Etiam porta sit amet risus quis porta. Nulla facilisi. Cras at interdum ante. Ut gravida pharetra ligula vitae malesuada. Sed eget libero et arcu tempor tincidunt in ac lectus. Maecenas vitae felis enim. In in tellus consequat, condimentum eros vitae, lacinia risus. Sed vehicula sem sed risus volutpat elementum.\n\nNunc accumsan tempus nunc ac aliquet. Integer non ullamcorper eros, in rutrum velit. Proin cursus orci sit amet lobortis iaculis. Praesent cond','ACCEPTED','465',20200210141811,20200209224022),('86','8d411dc4-e76f-4d0e-a027-056a0bc43be5','Lorem ipsum dolor sit amet, consectetur adipiscing elit. Etiam et fermentum dui. Ut orci quam, ornare sed lorem sed, hendrerit auctor dolor. Nulla viverra, nibh quis ultrices malesuada, ligula ipsum vulputate diam, aliquam egestas nibh ante vel dui. Sed in tellus interdum eros vulputate placerat sed non enim. Pellentesque eget justo porttitor urna dictum fermentum sit amet sed mauris. Praesent molestie vestibulum erat ac rhoncus. Aenean nunc risus, accumsan nec ipsum et, convallis sollicitudin dui. Proin dictum quam a semper malesuada. Etiam porta sit amet risus quis porta. Nulla facilisi. Cras at interdum ante. Ut gravida pharetra ligula vitae malesuada. Sed eget libero et arcu tempor tincidunt in ac lectus. Maecenas vitae felis enim. In in tellus consequat, condimentum eros vitae, lacinia risus. Sed vehicula sem sed risus volutpat elementum.\n\nNunc accumsan tempus nunc ac aliquet. Integer non ullamcorper eros, in rutrum velit. Proin cursus orci sit amet lobortis iaculis. Praesent cond','REJECTED','465',20200210153206,20200209225111),('87','8d411dc4-e76f-4d0e-a027-056a0bc43be5','Lorem ipsum dolor sit amet, consectetur adipiscing elit. Etiam et fermentum dui. Ut orci quam, ornare sed lorem sed, hendrerit auctor dolor. Nulla viverra, nibh quis ultrices malesuada, ligula ipsum vulputate diam, aliquam egestas nibh ante vel dui. Sed in tellus interdum eros vulputate placerat sed non enim. Pellentesque eget justo porttitor urna dictum fermentum sit amet sed mauris. Praesent molestie vestibulum erat ac rhoncus. Aenean nunc risus, accumsan nec ipsum et, convallis sollicitudin dui. Proin dictum quam a semper malesuada. Etiam porta sit amet risus quis porta. Nulla facilisi. Cras at interdum ante. Ut gravida pharetra ligula vitae malesuada.','REJECTED','485',20200210205601,20200210205148),('89','8d411dc4-e76f-4d0e-a027-056a0bc43be5','Lorem ipsum dolor sit amet, consectetur adipiscing elit. Etiam et fermentum dui. Ut orci quam, ornare sed lorem sed, hendrerit auctor dolor. Nulla viverra, nibh quis ultrices malesuada, ligula ipsum vulputate diam, aliquam egestas nibh ante vel dui. Sed in tellus interdum eros vulputate placerat sed non enim. Pellentesque eget justo porttitor urna dictum fermentum sit amet sed mauris. Praesent molestie vestibulum erat ac rhoncus. Aenean nunc risus, accumsan nec ipsum et, convallis sollicitudin dui. Proin dictum quam a semper malesuada. Etiam porta sit amet risus quis porta. Nulla facilisi. Cras at interdum ante. Ut gravida pharetra ligula vitae malesuada.','ACCEPTED','490',20200210210731,20200210210645),('8bcb7174-226a-4bdc-87b4-37b9092e3df2','8d411dc4-e76f-4d0e-a027-056a0bc43be5','TEST TEXT','WAITING','dee10b8d-283a-4d22-8ec4-18917a68fa36',1584030028514,1584030028514),('90','8d411dc4-e76f-4d0e-a027-056a0bc43be5','Lorem ipsum dolor sit amet, consectetur adipiscing elit. Etiam et fermentum dui. Ut orci quam, ornare sed lorem sed, hendrerit auctor dolor. Nulla viverra, nibh quis ultrices malesuada, ligula ipsum.','ACCEPTED','497',20200212221623,20200210211122),('91','8d411dc4-e76f-4d0e-a027-056a0bc43be5','Lorem ipsum dolor sit amet, consectetur adipiscing elit. Etiam et fermentum dui. Ut orci quam, ornare sed lorem sed, hendrerit auctor dolor. Nulla viverra, nibh quis ultrices malesuada, ligula ipsum vulputate diam, aliquam egestas nibh ante vel dui. Sed in tellus interdum eros vulputate placerat sed non enim. Pellentesque eget justo porttitor urna dictum fermentum sit amet sed mauris. Praesent molestie vestibulum erat ac rhoncus. Aenean nunc risus, accumsan nec ipsum et, convallis sollicitudin dui. Proin dictum quam a semper malesuada. Etiam porta sit amet risus quis porta. Nulla facilisi. Cras at interdum ante. Ut gravida pharetra ligula vitae malesuada.','ACCEPTED','484',20200215100535,20200210215921),('92d48e8e-b024-4bfa-bf33-e8d95ef8a3d1','8d411dc4-e76f-4d0e-a027-056a0bc43be5','TEST TEXT','WAITING','efd4b657-06f2-4ba0-be0d-6282310daeab',1584030049922,1584030049922),('99','4a74141e-c2c0-46a0-9c0c-84bef8be7d0f','Lorem ipsum dolor sit amet, consectetur adipiscing elit. Etiam et fermentum dui. Ut orci quam, ornare sed lorem sed, hendrerit.','WAITING','497',20200215103656,20200215103656),('a01730e4-9e77-4cbf-ad2b-9f68545f6bf3','8d411dc4-e76f-4d0e-a027-056a0bc43be5','TEST TEXT','WAITING','b94ae124-3468-4160-a937-3878d956265c',1584020375034,1584020375034),('a3fdbd59-6a04-4008-a757-8d83ce7cf291','8d411dc4-e76f-4d0e-a027-056a0bc43be5','TEST TEXT','WAITING','f32107d0-2d02-4ac2-bba3-2fafa7f37225',1584025248772,1584025248772),('a45f9616-011d-4eca-a8c4-c0031412df83','8d411dc4-e76f-4d0e-a027-056a0bc43be5','TEST TEXT','WAITING','5b77cc5b-45a3-4323-b7dd-a66421de7156',1584024977529,1584024977529),('a5e8259c-abe8-47e5-af96-a6d5cdc81d70','8d411dc4-e76f-4d0e-a027-056a0bc43be5','TEST TEXT','WAITING','a58baf6d-92b5-4f70-b375-2fe3aa12668a',1584029929997,1584029929997),('a7623da1-8973-47b2-8f03-8a81dea6ec3b','8d411dc4-e76f-4d0e-a027-056a0bc43be5','TEST TEXT','WAITING','41e02522-4258-49d0-b59d-0d21c2d4e96d',1584014114598,1584014114598),('af5f5669-ce35-4650-aa3a-b5939ea3cc47','8d411dc4-e76f-4d0e-a027-056a0bc43be5','TEST TEXT','WAITING','77fde337-36cb-4115-8067-64bcd434db19',1584030044543,1584030044543),('b170fa4b-185c-4ce0-99b3-43fda1ebd55c','8d411dc4-e76f-4d0e-a027-056a0bc43be5','TEST TEXT','WAITING','331edd0f-4c86-4d22-aee1-01dd7bb9ffb2',1584024691928,1584024691928),('bc54cc25-8b2e-42a2-822b-a0e049173657','8d411dc4-e76f-4d0e-a027-056a0bc43be5','TEST TEXT','WAITING','97ec23d2-6e00-47ea-b095-44da230eab3a',1584028784508,1584028784508),('c053d706-cc31-44ea-ab5a-ea3f6c02a748','8d411dc4-e76f-4d0e-a027-056a0bc43be5','TEST TEXT','WAITING','094069c9-18a8-4682-b58c-b016a4a7e579',1584028855177,1584028855177),('c531f490-0a13-45a9-8e08-2e4e76ada116','8d411dc4-e76f-4d0e-a027-056a0bc43be5','TEST TEXT','WAITING','e8a94f24-b560-47c9-9177-817d1ed453e6',1584026328223,1584026328223),('c620e46c-e88e-485e-8334-6866f7a91c84','8d411dc4-e76f-4d0e-a027-056a0bc43be5','TEST TEXT','WAITING','5884d372-9eaa-4ce7-beaf-3676eb9162af',1584013825155,1584013825155),('c63ec4da-607f-49f8-bcb5-15cb37947203','8d411dc4-e76f-4d0e-a027-056a0bc43be5','TEST TEXT','WAITING','09b4a8f4-2c16-4989-9646-05eeb0995895',1584028791434,1584028791434),('d059642b-80d5-4e27-be5c-8ef880d517b5','8d411dc4-e76f-4d0e-a027-056a0bc43be5','TEST TEXT','WAITING','b636e2ea-5754-4251-87c6-00840389c8fb',1584025309243,1584025309243),('d3cd75c8-85b6-4103-a1b6-3e1e45716a59','8d411dc4-e76f-4d0e-a027-056a0bc43be5','TEST TEXT','WAITING','f080d8dd-09ed-4257-84b2-ea893d782c87',1584013376291,1584013376291),('dd001eee-8486-4349-9d45-8d9b113c210f','8d411dc4-e76f-4d0e-a027-056a0bc43be5','TEST TEXT','WAITING','38675c2c-4c86-43f2-9c7f-0b27706f9e96',1584026359543,1584026359543),('dedc9f70-f683-4501-bbfe-f5f65b3c315a','8d411dc4-e76f-4d0e-a027-056a0bc43be5','TEST TEXT','WAITING','80f02b54-79bb-457f-8c68-54a34ff36b00',1584028797993,1584028797993),('e3a6d08b-93b6-41e6-b317-7dd91d8b71de','8d411dc4-e76f-4d0e-a027-056a0bc43be5','TEST TEXT','WAITING','d7884b5a-2ac8-4ee0-b742-4614dac5d13f',1584025246105,1584025246105),('e3b27cbe-284c-4139-bf8f-d31a69218119','8d411dc4-e76f-4d0e-a027-056a0bc43be5','TEST TEXT','WAITING','849d9116-9727-444e-8c4a-84a89a3278d8',1584030039454,1584030039454);
/*!40000 ALTER TABLE `applications` ENABLE KEYS */;
UNLOCK TABLES;

--
-- Table structure for table `comments`
--

DROP TABLE IF EXISTS `comments`;
/*!40101 SET @saved_cs_client     = @@character_set_client */;
/*!40101 SET character_set_client = utf8 */;
CREATE TABLE `comments` (
  `idcomment` varchar(225) NOT NULL,
  `text` mediumtext NOT NULL,
  `user_id` varchar(128) NOT NULL,
  `poolevent_id` varchar(225) NOT NULL,
  `created_at` bigint(20) NOT NULL,
  `edited_at` bigint(20) NOT NULL,
  PRIMARY KEY (`idcomment`)
) ENGINE=InnoDB DEFAULT CHARSET=utf8mb4;
/*!40101 SET character_set_client = @saved_cs_client */;

--
-- Dumping data for table `comments`
--

LOCK TABLES `comments` WRITE;
/*!40000 ALTER TABLE `comments` DISABLE KEYS */;
INSERT INTO `comments` VALUES ('95e29d33-6902-4188-94eb-0cc84a472b96','TEST TEXT','8d411dc4-e76f-4d0e-a027-056a0bc43be5','d94d7636-c31d-4b90-9a53-7b17ef565c06',1584011428767,1584011428767),('9d6c96c0-6cfb-4cdd-93f6-b22409645f92','TEST TEXT','8d411dc4-e76f-4d0e-a027-056a0bc43be5','c126bb9d-d7e5-4d29-89d2-37936aa5c713',1584025000851,1584025000851),('ac11cff8-9610-48a1-a6a7-1c338be4eed1','TEST TEXT','8d411dc4-e76f-4d0e-a027-056a0bc43be5','15e5696a-2ccf-4bc9-891f-646dde285395',1584011575527,1584011575527),('af4ac940-b0cf-4685-a89f-e2282ffc9131','TEST TEXT','8d411dc4-e76f-4d0e-a027-056a0bc43be5','567af748-58c6-4a22-8338-ec3083d305be',1584011510386,1584011510386),('be3b2c6e-f9a9-49d9-b2f3-9af3fc7e146c','TEST TEXT','8d411dc4-e76f-4d0e-a027-056a0bc43be5','f943aa7d-9baf-452c-be02-c76cef173362',1584011470952,1584011470952),('bf9c0e5a-92ea-4185-8c78-f5a92dcc3a0a','TEST TEXT','8d411dc4-e76f-4d0e-a027-056a0bc43be5','9fd4eead-ed73-443a-a42e-5b27a0647991',1584024987402,1584024987402);
/*!40000 ALTER TABLE `comments` ENABLE KEYS */;
UNLOCK TABLES;

--
-- Table structure for table `descriptions`
--

DROP TABLE IF EXISTS `descriptions`;
/*!40101 SET @saved_cs_client     = @@character_set_client */;
/*!40101 SET character_set_client = utf8 */;
CREATE TABLE `descriptions` (
  `id` varchar(225) NOT NULL,
  `text` text NOT NULL,
  `html` varchar(128) DEFAULT NULL,
  `poolevent_id` varchar(225) NOT NULL,
  PRIMARY KEY (`id`),
  UNIQUE KEY `id_UNIQUE` (`id`)
) ENGINE=InnoDB DEFAULT CHARSET=utf8mb4;
/*!40101 SET character_set_client = @saved_cs_client */;

--
-- Dumping data for table `descriptions`
--

LOCK TABLES `descriptions` WRITE;
/*!40000 ALTER TABLE `descriptions` DISABLE KEYS */;
INSERT INTO `descriptions` VALUES ('028719fd-2e0e-4a6d-b4b2-4eb3a72ede38','','<p>Lorem ipsum dolor sit amet, consectetur adipiscing elit. Etiam et fermentum dui. Ut orci quam, ornare sed lorem sed, hendreri','c1995a59-7734-4bb0-9577-c19b735496e6'),('361','','<p>Lorem ipsum dolor sit amet, consectetur adipiscing elit. Etiam et fermentum dui. Ut orci quam, ornare sed lorem sed, hendreri','456'),('362','','<p>Lorem ipsum dolor.</p>','457'),('363','','<p>Lorem ipsum dolor sit amet, consectetur adipiscing elit. Etiam et fermentum dui. Ut orci quam, ornare sed lorem sed, hendreri','458'),('364','','<p>Lorem ipsum dolor.</p>','459'),('365','','<p>Lorem ipsum dolor.</p>','460'),('366','','<p>Lorem ipsum dolor.</p>','461'),('367','','<p>loremLorem ipsum dolor sit amet, consectetur adipiscing elit. Etiam et fermentum dui.</p>','462'),('368','','<p>loremLorem ipsum dolor sit amet, consectetur adipiscing elit. Etiam et fermentum dui.</p>','463'),('369','','<p>lorem</p>','464'),('370','','<p>lorem</p>','465'),('371','','<p>scoop</p>','466'),('372','','<p>scoop</p>','467'),('373','','<p>scoop</p>','468'),('374','','<p>scoop</p>','469'),('375','','<p>hidden</p>','470'),('376','','','471'),('377','','','472'),('378','','<p>Lorem ipsum.</p>','473'),('379','','<p>Lorem ipsum.</p>','474'),('380','','<p>Lorem ipsum dolor sit amet, consectetur adipiscing elit. Etiam et fermentum dui. Ut orci quam, ornare sed lorem sed, hendreri','475'),('381','','<p>Lorem ipsum dolor sit amet, consectetur adipiscing elit. Etiam et fermentum dui. Ut orci quam, ornare sed lorem sed, hendreri','476'),('382','','<p>Lorem ipsum dolor sit amet, consectetur adipiscing elit. Etiam et fermentum dui. Ut orci quam, ornare sed lorem sed, hendreri','477'),('383','','','478'),('384','','','479'),('385','','','480'),('386','','','481'),('387','','','482'),('388','','<p>scoop</p>','483'),('389','','','484'),('390','','','485'),('391','','<p>Lorem ipsum dolor sit amet, consectetur adipiscing elit. Etiam et fermentum dui. Ut orci quam, ornare sed lorem sed, hendreri','486'),('392','','<p>Lorem ipsum dolor sit amet, consectetur adipiscing elit. Etiam et fermentum dui. Ut orci quam, ornare sed lorem sed, hendreri','487'),('393','','<p>Lorem ipsum dolor sit amet, consectetur adipiscing elit. Etiam et fermentum dui. Ut orci quam, ornare sed lorem sed, hendreri','488'),('394','','<p>Lorem ipsum dolor sit amet, consectetur adipiscing elit. Etiam et fermentum dui. Ut orci quam, ornare sed lorem sed, hendreri','489'),('395','','<p>Lorem ipsum dolor sit amet, consectetur adipiscing elit. Etiam et fermentum dui. Ut orci quam, ornare sed lorem sed, hendreri','490'),('396','','<p>Lorem ipsum dolor sit amet, consectetur adipiscing elit. Etiam et fermentum dui. Ut orci quam, ornare sed lorem sed, hendreri','491'),('397','','<p>Lorem ipsum dolor sit amet, consectetur adipiscing elit. Etiam et fermentum dui. Ut orci quam, ornare sed lorem sed, hendreri','492'),('398','','<p>Lorem ipsum dolor sit amet, consectetur adipiscing elit. Etiam et fermentum dui. Ut orci quam, ornare sed lorem sed, hendreri','493'),('399','','<p>Lorem ipsum dolor sit amet, consectetur adipiscing elit. Etiam et fermentum dui. Ut orci quam, ornare sed lorem sed, hendreri','494'),('400','','<p>Lorem ipsum dolor sit amet, consectetur adipiscing elit. Etiam et fermentum dui. Ut orci quam, ornare sed lorem sed, hendreri','495'),('401','','<p>Lorem ipsum dolor sit amet, consectetur adipiscing elit. Etiam et fermentum dui. Ut orci quam, ornare sed lorem sed, hendreri','496'),('402','','<p>Lorem ipsum dolor sit amet, consectetur adipiscing elit. Etiam et fermentum dui. Ut orci quam, ornare sed lorem sed, hendreri','497'),('403','','<p>Lorem ipsum dolor sit amet, consectetur adipiscing elit. Etiam et fermentum dui. Ut orci quam, ornare sed lorem sed, hendreri','498'),('404','','<p>Lorem ipsum dolor sit amet, consectetur adipiscing elit. Etiam et fermentum dui. Ut orci quam, ornare sed lorem sed, hendreri','499'),('405','','<p>Lorem ipsum dolor sit amet, consectetur adipiscing elit. Etiam et fermentum dui.</p>','500'),('406','','<p>Lorem ipsum dolor sit amet, consectetur adipiscing elit. Etiam et fermentum dui.</p>','501'),('407','','<p>Lorem ipsum dolor sit amet, consectetur adipiscing elit. Etiam et fermentum dui.</p>','502'),('408','','<p>Lorem ipsum dolor sit amet, consectetur adipiscing elit. Etiam et fermentum dui.</p>','503'),('409','','<p>Lorem ipsum dolor sit amet, consectetur adipiscing elit. Etiam et fermentum dui.</p>','504'),('410','','','505'),('411','','','506'),('412','','','507'),('413','','','508'),('414','','','509'),('415','','','510'),('416','','','511'),('417','','','512'),('418','','','513'),('419','','','514'),('420','','','515'),('421','','','516'),('422','','','517'),('423','','','518'),('424','','','519'),('425','','','520'),('426','','<p>lorem&nbsp;<span class=\"fr-emoticon fr-deletable fr-emoticon-img\" style=\"background: url(https://cdnjs.cloudflare.com/ajax/li','521'),('427','','<p>Lorem ipsum dolor sit amet, consectetur adipiscing elit. Etiam et fermentum dui. Ut orci quam, ornare sed lorem sed, hendreri','522'),('428','','','523'),('429','','<p><strong>lorem scoop</strong></p>','524'),('57dca445-cbb2-4d41-bc63-a3ddb86f2b6c','','<p>Lorem ipsum dolor sit amet, consectetur adipiscing elit. Etiam et fermentum dui. Ut orci quam, ornare sed lorem sed, hendreri','7861f14f-916d-4578-bcc7-16e093147608'),('64ae9c1c-f6a1-4c59-b998-97ba76f8245c','','<p>Lorem ipsum dolor sit amet, consectetur adipiscing elit. Etiam et fermentum dui. Ut orci quam, ornare sed lorem sed, hendreri','89cf22d8-1239-4873-913e-35e11105e269'),('6daf59d2-160e-4075-85a6-a1acab2f8ca0','','<p>Lorem ipsum dolor sit amet, consectetur adipiscing elit. Etiam et fermentum dui. Ut orci quam, ornare sed lorem sed, hendreri','e0778b97-f883-48ac-a962-f88404fef387'),('9c70fc23-b963-4cec-a1be-03ce18501272','','<p>Lorem ipsum dolor sit amet, consectetur adipiscing elit. Etiam et fermentum dui. Ut orci quam, ornare sed lorem sed, hendreri','4e79617b-0d9f-4f17-8e69-634954ef094c'),('e68e6def-d869-49f7-9e1e-dcd08cfd0fe0','','<p>Lorem ipsum dolor sit amet, consectetur adipiscing elit. Etiam et fermentum dui. Ut orci quam, ornare sed lorem sed, hendreri','4e7b668c-9b4b-468d-baab-8613866f5e69'),('e74b5636-a400-4e3c-82dd-cf5fb91f8bd2','','<p>Lorem ipsum dolor sit amet, consectetur adipiscing elit. Etiam et fermentum dui. Ut orci quam, ornare sed lorem sed, hendreri','07e643bd-adf5-46a0-a09a-09b2d1fe0436');
/*!40000 ALTER TABLE `descriptions` ENABLE KEYS */;
UNLOCK TABLES;

--
-- Table structure for table `favorites`
--

DROP TABLE IF EXISTS `favorites`;
/*!40101 SET @saved_cs_client     = @@character_set_client */;
/*!40101 SET character_set_client = utf8 */;
CREATE TABLE `favorites` (
  `id` int(11) NOT NULL AUTO_INCREMENT,
  `poolevent_id` int(11) NOT NULL,
  `user_id` varchar(128) NOT NULL,
  `created_at` timestamp NOT NULL DEFAULT current_timestamp(),
  PRIMARY KEY (`id`),
  UNIQUE KEY `id_UNIQUE` (`id`),
  KEY `userfave_idx` (`user_id`),
  KEY `poolevent_fave_idx` (`poolevent_id`)
) ENGINE=InnoDB AUTO_INCREMENT=70 DEFAULT CHARSET=utf8mb4;
/*!40101 SET character_set_client = @saved_cs_client */;

--
-- Dumping data for table `favorites`
--

LOCK TABLES `favorites` WRITE;
/*!40000 ALTER TABLE `favorites` DISABLE KEYS */;
INSERT INTO `favorites` VALUES (44,381,'4a74141e-c2c0-46a0-9c0c-84bef8be7d0f','2019-12-26 21:55:35'),(45,382,'4a74141e-c2c0-46a0-9c0c-84bef8be7d0f','2019-12-26 21:55:36'),(46,380,'4a74141e-c2c0-46a0-9c0c-84bef8be7d0f','2019-12-26 21:55:53'),(47,380,'8d411dc4-e76f-4d0e-a027-056a0bc43be5','2019-12-27 15:23:31'),(48,383,'8d411dc4-e76f-4d0e-a027-056a0bc43be5','2019-12-27 15:23:35'),(49,385,'8d411dc4-e76f-4d0e-a027-056a0bc43be5','2019-12-27 18:49:12'),(50,394,'8d411dc4-e76f-4d0e-a027-056a0bc43be5','2019-12-29 23:12:15'),(51,407,'8d411dc4-e76f-4d0e-a027-056a0bc43be5','2019-12-30 19:11:06'),(52,406,'4a74141e-c2c0-46a0-9c0c-84bef8be7d0f','2020-01-02 08:43:32'),(54,420,'4a74141e-c2c0-46a0-9c0c-84bef8be7d0f','2020-01-07 19:04:25'),(55,420,'8d411dc4-e76f-4d0e-a027-056a0bc43be5','2020-01-07 20:32:15'),(56,447,'8d411dc4-e76f-4d0e-a027-056a0bc43be5','2020-01-07 20:58:03'),(58,451,'8d411dc4-e76f-4d0e-a027-056a0bc43be5','2020-01-10 13:35:38'),(60,450,'8d411dc4-e76f-4d0e-a027-056a0bc43be5','2020-01-10 13:43:47'),(62,458,'4a74141e-c2c0-46a0-9c0c-84bef8be7d0f','2020-01-11 19:40:08'),(63,459,'4a74141e-c2c0-46a0-9c0c-84bef8be7d0f','2020-01-11 19:40:09'),(64,460,'4a74141e-c2c0-46a0-9c0c-84bef8be7d0f','2020-01-11 19:40:11'),(65,465,'8d411dc4-e76f-4d0e-a027-056a0bc43be5','2020-02-10 21:29:25'),(66,465,'4a74141e-c2c0-46a0-9c0c-84bef8be7d0f','2020-02-12 21:56:06'),(67,524,'4a74141e-c2c0-46a0-9c0c-84bef8be7d0f','2020-02-20 18:09:59'),(68,467,'4a74141e-c2c0-46a0-9c0c-84bef8be7d0f','2020-02-20 18:50:28'),(69,483,'4a74141e-c2c0-46a0-9c0c-84bef8be7d0f','2020-02-20 18:52:37');
/*!40000 ALTER TABLE `favorites` ENABLE KEYS */;
UNLOCK TABLES;

--
-- Table structure for table `locations`
--

DROP TABLE IF EXISTS `locations`;
/*!40101 SET @saved_cs_client     = @@character_set_client */;
/*!40101 SET character_set_client = utf8 */;
CREATE TABLE `locations` (
  `id` varchar(225) NOT NULL,
  `poolevent_id` varchar(225) NOT NULL,
  `route` varchar(45) NOT NULL,
  `street_number` varchar(45) NOT NULL,
  `full_address` varchar(45) DEFAULT NULL,
  `longitude` varchar(45) NOT NULL,
  `latitude` varchar(45) NOT NULL,
  `locality` varchar(45) NOT NULL,
  `country` varchar(45) DEFAULT NULL,
  `postal_code` varchar(45) DEFAULT NULL,
  `desc` text DEFAULT NULL,
  PRIMARY KEY (`id`),
  UNIQUE KEY `id_UNIQUE` (`id`)
) ENGINE=InnoDB DEFAULT CHARSET=utf8mb4;
/*!40101 SET character_set_client = @saved_cs_client */;

--
-- Dumping data for table `locations`
--

LOCK TABLES `locations` WRITE;
/*!40000 ALTER TABLE `locations` DISABLE KEYS */;
INSERT INTO `locations` VALUES ('01c263ab-7242-4ee0-a7ae-118874f3449a','4e79617b-0d9f-4f17-8e69-634954ef094c','Schönefelder Chaussee','2','Schönefelder Chaussee 2, 12524 Berlin','13.53542','52.41835','Berlin','','12524','Lorem ipsum dolor sit amet, consectetur adipiscing elit. Etiam et fermentum dui. Ut orci quam, ornare sed lorem sed, hendrerit auctor dolor. Nulla viverra, nibh quis ultrices malesuada, ligula ipsum vulputate diam, aliquam egestas nibh ante vel dui. Sed in tellus interdum eros vulputate placerat sed non enim. Pellentesque eget justo porttitor urna dictum fermentum sit amet sed mauris. Praesent molestie vestibulum erat ac rhoncus. Aenean nunc risus, accumsan nec ipsum et, convallis sollicitudin dui. Proin dictum quam a semper malesuada. Etiam porta sit amet risus quis porta. Nulla facilisi. Cras at interdum ante. Ut gravida pharetra ligula vitae malesuada.'),('04b1e9ec-ac50-4748-aa51-6b1b702661f4','89cf22d8-1239-4873-913e-35e11105e269','Schönefelder Chaussee','2','Schönefelder Chaussee 2, 12524 Berlin','13.53542','52.41835','Berlin','','12524','Lorem ipsum dolor sit amet, consectetur adipiscing elit. Etiam et fermentum dui. Ut orci quam, ornare sed lorem sed, hendrerit auctor dolor. Nulla viverra, nibh quis ultrices malesuada, ligula ipsum vulputate diam, aliquam egestas nibh ante vel dui. Sed in tellus interdum eros vulputate placerat sed non enim. Pellentesque eget justo porttitor urna dictum fermentum sit amet sed mauris. Praesent molestie vestibulum erat ac rhoncus. Aenean nunc risus, accumsan nec ipsum et, convallis sollicitudin dui. Proin dictum quam a semper malesuada. Etiam porta sit amet risus quis porta. Nulla facilisi. Cras at interdum ante. Ut gravida pharetra ligula vitae malesuada.'),('384','456','Schönefelder Chaussee','2','Schönefelder Chaussee 2, 12524 Berlin','13.53542','52.41835','Berlin','','12524','Lorem ipsum dolor sit amet, consectetur adipiscing elit. Etiam et fermentum dui. Ut orci quam, ornare sed lorem sed, hendrerit auctor dolor. Nulla viverra, nibh quis ultrices malesuada, ligula ipsum vulputate diam, aliquam egestas nibh ante vel dui. Sed in tellus interdum eros vulputate placerat sed non enim. Pellentesque eget justo porttitor urna dictum fermentum sit amet sed mauris. Praesent molestie vestibulum erat ac rhoncus. Aenean nunc risus, accumsan nec ipsum et, convallis sollicitudin dui. Proin dictum quam a semper malesuada. Etiam porta sit amet risus quis porta. Nulla facilisi. Cras at interdum ante. Ut gravida pharetra ligula vitae malesuada.'),('385','457','Schönefelder Chaussee','2','Schönefelder Chaussee 2, 12524 Berlin','13.53542','52.41835','Berlin','','12524','Lorem ipsum dolor sit amet, consectetur adipiscing elit. Etiam et fermentum dui. Ut orci quam, ornare sed lorem sed, hendrerit auctor dolor. Nulla viverra, nibh quis ultrices malesuada, ligula ipsum vulputate diam, aliquam egestas nibh ante vel dui. Sed in tellus interdum eros vulputate placerat sed non enim. Pellentesque eget justo porttitor urna dictum fermentum sit amet sed mauris. Praesent molestie vestibulum erat ac rhoncus. Aenean nunc risus, accumsan nec ipsum et, convallis sollicitudin dui. Proin dictum quam a semper malesuada. Etiam porta sit amet risus quis porta. Nulla facilisi. Cras at interdum ante. Ut gravida pharetra ligula vitae malesuada.'),('386','458','Schönefelder Chaussee','2','Schönefelder Chaussee 2, 12524 Berlin','13.53542','52.41835','Berlin','','12524','Lorem ipsum dolor sit amet, consectetur adipiscing elit. Etiam et fermentum dui. Ut orci quam, ornare sed lorem sed, hendrerit auctor dolor. Nulla viverra, nibh quis ultrices malesuada, ligula ipsum vulputate diam, aliquam egestas nibh ante vel dui. Sed in tellus interdum eros vulputate placerat sed non enim. Pellentesque eget justo porttitor urna dictum fermentum sit amet sed mauris. Praesent molestie vestibulum erat ac rhoncus. Aenean nunc risus, accumsan nec ipsum et, convallis sollicitudin dui. Proin dictum quam a semper malesuada. Etiam porta sit amet risus quis porta. Nulla facilisi. Cras at interdum ante. Ut gravida pharetra ligula vitae malesuada.'),('387','459','Schönefelder Chaussee','2','Schönefelder Chaussee 2, 12524 Berlin','13.53542','52.41835','Berlin','','12524','Lorem ipsum dolor sit amet, consectetur adipiscing elit. Etiam et fermentum dui. Ut orci quam, ornare sed lorem sed, hendrerit auctor dolor. Nulla viverra, nibh quis ultrices malesuada, ligula ipsum vulputate diam, aliquam egestas nibh ante vel dui. Sed in tellus interdum eros vulputate placerat sed non enim. Pellentesque eget justo porttitor urna dictum fermentum sit amet sed mauris. Praesent molestie vestibulum erat ac rhoncus. Aenean nunc risus, accumsan nec ipsum et, convallis sollicitudin dui. Proin dictum quam a semper malesuada. Etiam porta sit amet risus quis porta. Nulla facilisi. Cras at interdum ante. Ut gravida pharetra ligula vitae malesuada.'),('388','460','Schönefelder Chaussee','2','Schönefelder Chaussee 2, 12524 Berlin','13.53542','52.41835','Berlin','','12524','Lorem ipsum dolor sit amet, consectetur adipiscing elit. Etiam et fermentum dui. Ut orci quam, ornare sed lorem sed, hendrerit auctor dolor. Nulla viverra, nibh quis ultrices malesuada, ligula ipsum vulputate diam, aliquam egestas nibh ante vel dui. Sed in tellus interdum eros vulputate placerat sed non enim. Pellentesque eget justo porttitor urna dictum fermentum sit amet sed mauris. Praesent molestie vestibulum erat ac rhoncus. Aenean nunc risus, accumsan nec ipsum et, convallis sollicitudin dui. Proin dictum quam a semper malesuada. Etiam porta sit amet risus quis porta. Nulla facilisi. Cras at interdum ante. Ut gravida pharetra ligula vitae malesuada.'),('389','461','Schönefelder Chaussee','2','Schönefelder Chaussee 2, 12524 Berlin','13.53542','52.41835','Berlin','','12524','Lorem ipsum dolor sit amet, consectetur adipiscing elit. Etiam et fermentum dui. Ut orci quam, ornare sed lorem sed, hendrerit auctor dolor. Nulla viverra, nibh quis ultrices malesuada, ligula ipsum vulputate diam, aliquam egestas nibh ante vel dui. Sed in tellus interdum eros vulputate placerat sed non enim. Pellentesque eget justo porttitor urna dictum fermentum sit amet sed mauris. Praesent molestie vestibulum erat ac rhoncus. Aenean nunc risus, accumsan nec ipsum et, convallis sollicitudin dui. Proin dictum quam a semper malesuada. Etiam porta sit amet risus quis porta. Nulla facilisi. Cras at interdum ante. Ut gravida pharetra ligula vitae malesuada.'),('390','462','Schönhauser Allee','2','Schönhauser Allee 2, 10119 Berlin','13.41067','52.52889','Berlin','','10119','Lorem ipsum dolor sit amet, consectetur adipiscing elit. Etiam et fermentum dui.'),('391','463','Schönhauser Allee','2','Schönhauser Allee 2, 10119 Berlin','13.41067','52.52889','Berlin','','10119','Lorem ipsum dolor sit amet, consectetur adipiscing elit. Etiam et fermentum dui.'),('392','464','Radler Straße','2','Radler Straße 2, 87600 Kaufbeuren','10.6349513','47.9052502','Kaufbeuren','','87600','Lorem ipsum dolor sit amet, consectetur adipiscing elit. Etiam et fermentum dui. Ut orci quam, ornare sed lorem sed, hendrerit auctor dolor. Nulla viverra, nibh quis ultrices malesuada, ligula ipsum.'),('393','465','Radler Straße','2','Radler Straße 2, 87600 Kaufbeuren','10.6349513','47.9052502','Kaufbeuren','','87600','Lorem ipsum dolor sit amet, consectetur adipiscing elit. Etiam et fermentum dui. Ut orci quam, ornare sed lorem sed, hendrerit auctor dolor. Nulla viverra, nibh quis ultrices malesuada, ligula ipsum.'),('394','466','Wall Street','2','Wall Street 2, 10005 New York','-74.0113063','40.7077394','New York','','10005','Lorem ipsum dolor sit amet, consectetur adipiscing elit. Etiam et fermentum dui. Ut orci quam, ornare sed lorem sed, hendrerit auctor dolor. Nulla viverra, nibh quis ultrices malesuada, ligula ipsum vulputate diam, aliquam egestas nibh ante vel dui. Sed in tellus interdum eros vulputate placerat sed non enim. Pellentesque eget justo porttitor urna dictum fermentum sit amet sed mauris. Praesent molestie vestibulum erat ac rhoncus. Aenean nunc risus, accumsan nec ipsum et, convallis sollicitudin dui. Proin dictum quam a semper malesuada. Etiam porta sit amet risus quis porta. Nulla facilisi. Cras at interdum ante. Ut gravida pharetra ligula vitae malesuada. Sed eget libero et arcu tempor tincidunt in ac lectus. Maecenas vitae felis enim. In in tellus consequat, condimentum eros vitae, lacinia risus. Sed vehicula sem sed risus volutpat elementum.\n\nNunc accumsan tempus nunc ac aliquet. Integer non ullamcorper eros, in rutrum velit. Proin cursus orci sit amet lobortis iaculis. Praesent cond'),('395','467','Wall Street','2','Wall Street 2, 10005 New York','-74.0113063','40.7077394','New York','','10005','Lorem ipsum dolor sit amet, consectetur adipiscing elit. Etiam et fermentum dui. Ut orci quam, ornare sed lorem sed, hendrerit auctor dolor. Nulla viverra, nibh quis ultrices malesuada, ligula ipsum vulputate diam, aliquam egestas nibh ante vel dui. Sed in tellus interdum eros vulputate placerat sed non enim. Pellentesque eget justo porttitor urna dictum fermentum sit amet sed mauris. Praesent molestie vestibulum erat ac rhoncus. Aenean nunc risus, accumsan nec ipsum et, convallis sollicitudin dui. Proin dictum quam a semper malesuada. Etiam porta sit amet risus quis porta. Nulla facilisi. Cras at interdum ante. Ut gravida pharetra ligula vitae malesuada. Sed eget libero et arcu tempor tincidunt in ac lectus. Maecenas vitae felis enim. In in tellus consequat, condimentum eros vitae, lacinia risus. Sed vehicula sem sed risus volutpat elementum.\n\nNunc accumsan tempus nunc ac aliquet. Integer non ullamcorper eros, in rutrum velit. Proin cursus orci sit amet lobortis iaculis. Praesent cond'),('396','468','Wall Street','2','Wall Street 2, 10005 New York','-74.0113063','40.7077394','New York','','10005','Lorem ipsum dolor sit amet, consectetur adipiscing elit. Etiam et fermentum dui. Ut orci quam, ornare sed lorem sed, hendrerit auctor dolor. Nulla viverra, nibh quis ultrices malesuada, ligula ipsum vulputate diam, aliquam egestas nibh ante vel dui. Sed in tellus interdum eros vulputate placerat sed non enim. Pellentesque eget justo porttitor urna dictum fermentum sit amet sed mauris. Praesent molestie vestibulum erat ac rhoncus. Aenean nunc risus, accumsan nec ipsum et, convallis sollicitudin dui. Proin dictum quam a semper malesuada. Etiam porta sit amet risus quis porta. Nulla facilisi. Cras at interdum ante. Ut gravida pharetra ligula vitae malesuada. Sed eget libero et arcu tempor tincidunt in ac lectus. Maecenas vitae felis enim. In in tellus consequat, condimentum eros vitae, lacinia risus. Sed vehicula sem sed risus volutpat elementum.\n\nNunc accumsan tempus nunc ac aliquet. Integer non ullamcorper eros, in rutrum velit. Proin cursus orci sit amet lobortis iaculis. Praesent cond'),('397','469','Wall Street','2','Wall Street 2, 10005 New York','-74.0113063','40.7077394','New York','','10005','Lorem ipsum dolor sit amet, consectetur adipiscing elit. Etiam et fermentum dui. Ut orci quam, ornare sed lorem sed, hendrerit auctor dolor. Nulla viverra, nibh quis ultrices malesuada, ligula ipsum vulputate diam, aliquam egestas nibh ante vel dui. Sed in tellus interdum eros vulputate placerat sed non enim. Pellentesque eget justo porttitor urna dictum fermentum sit amet sed mauris. Praesent molestie vestibulum erat ac rhoncus. Aenean nunc risus, accumsan nec ipsum et, convallis sollicitudin dui. Proin dictum quam a semper malesuada. Etiam porta sit amet risus quis porta. Nulla facilisi. Cras at interdum ante. Ut gravida pharetra ligula vitae malesuada. Sed eget libero et arcu tempor tincidunt in ac lectus. Maecenas vitae felis enim. In in tellus consequat, condimentum eros vitae, lacinia risus. Sed vehicula sem sed risus volutpat elementum.\n\nNunc accumsan tempus nunc ac aliquet. Integer non ullamcorper eros, in rutrum velit. Proin cursus orci sit amet lobortis iaculis. Praesent cond'),('398','470','Lorettostraße','2','Lorettostraße 2, 40219 Düsseldorf','6.7673341','51.2149774','Düsseldorf','','40219','Lorem ipsum dolor sit amet, consectetur adipiscing elit. Etiam et fermentum dui.'),('399','471','Sacramento Street','2','Sacramento Street 2, 94111 San Francisco','-122.3981838','37.7945759','San Francisco','','94111','Lorem ipsum dolor sit amet, consectetur adipiscing elit. Etiam et fermentum dui. Ut orci quam, ornare sed lorem sed, hendrerit auctor dolor. Nulla viverra, nibh quis ultrices malesuada, ligula ipsum.'),('400','472','Warschauer Straße','12','Warschauer Straße 12, 10243 Berlin','13.4525667','52.5132387','Berlin','','10243','Lorem ipsum dolor sit amet, consectetur adipiscing elit. Etiam et fermentum dui.'),('401','473','Warschauer Straße','12','Warschauer Straße 12, 10243 Berlin','13.4525667','52.5132387','Berlin','','10243','Lorem ipsum.'),('402','474','Warschauer Straße','12','Warschauer Straße 12, 10243 Berlin','13.4525667','52.5132387','Berlin','','10243','Lorem ipsum.'),('403','475','Lorettostraße','2','Lorettostraße 2, 40219 Düsseldorf','6.7673341','51.2149774','Düsseldorf','','40219','Lorem ipsum dolor sit amet, consectetur adipiscing elit. Etiam et fermentum dui. Ut orci quam, ornare sed lorem sed, hendrerit auctor dolor. Nulla viverra, nibh quis ultrices malesuada, ligula ipsum vulputate diam, aliquam egestas nibh ante vel dui. Sed in tellus interdum eros vulputate placerat sed non enim. Pellentesque eget justo porttitor urna dictum fermentum sit amet sed mauris. Praesent molestie vestibulum erat ac rhoncus. Aenean nunc risus, accumsan nec ipsum et, convallis sollicitudin dui. Proin dictum quam a semper malesuada. Etiam porta sit amet risus quis porta. Nulla facilisi. Cras at interdum ante. Ut gravida pharetra ligula vitae malesuada.'),('404','476','Lorettostraße','2','Lorettostraße 2, 40219 Düsseldorf','6.7673341','51.2149774','Düsseldorf','','40219','Lorem ipsum dolor sit amet, consectetur adipiscing elit. Etiam et fermentum dui. Ut orci quam, ornare sed lorem sed, hendrerit auctor dolor. Nulla viverra, nibh quis ultrices malesuada, ligula ipsum vulputate diam, aliquam egestas nibh ante vel dui. Sed in tellus interdum eros vulputate placerat sed non enim. Pellentesque eget justo porttitor urna dictum fermentum sit amet sed mauris. Praesent molestie vestibulum erat ac rhoncus. Aenean nunc risus, accumsan nec ipsum et, convallis sollicitudin dui. Proin dictum quam a semper malesuada. Etiam porta sit amet risus quis porta. Nulla facilisi. Cras at interdum ante. Ut gravida pharetra ligula vitae malesuada.'),('405','477','Wall Street','21','Wall Street 21, 10005 New York','-74.01057329999999','40.7071047','New York','','10005','Lorem ipsum dolor sit amet, consectetur adipiscing elit. Etiam et fermentum dui. Ut orci quam, ornare sed lorem sed, hendrerit auctor dolor. Nulla viverra, nibh quis ultrices malesuada, ligula ipsum vulputate diam, aliquam egestas nibh ante vel dui. Sed in tellus interdum eros vulputate placerat sed non enim. Pellentesque eget.'),('406','478','Lorettostraße','2','Lorettostraße 2, 40219 Düsseldorf','6.7673341','51.2149774','Düsseldorf','','40219','Lorem ipsum dolor sit amet, consectetur adipiscing elit. Etiam et fermentum dui.'),('407','479','Lorettostraße','2','Lorettostraße 2, 40219 Düsseldorf','6.7673341','51.2149774','Düsseldorf','','40219','Lorem ipsum dolor sit amet, consectetur adipiscing elit. Etiam et fermentum dui.'),('408','480','Lorettostraße','2','Lorettostraße 2, 40219 Düsseldorf','6.7673341','51.2149774','Düsseldorf','','40219','Lorem ipsum dolor sit amet, consectetur adipiscing elit. Etiam et fermentum dui.'),('409','481','Lorettostraße','2','Lorettostraße 2, 40219 Düsseldorf','6.7673341','51.2149774','Düsseldorf','','40219','Lorem ipsum dolor sit amet, consectetur adipiscing elit. Etiam et fermentum dui.'),('410','482','Lorettostraße','2','Lorettostraße 2, 40219 Düsseldorf','6.7673341','51.2149774','Düsseldorf','','40219','Lorem ipsum dolor sit amet, consectetur adipiscing elit. Etiam et fermentum dui.'),('411','483','Warschauer Straße','12','Warschauer Straße 12, 10243 Berlin','13.4525667','52.5132387','Berlin','','10243','Lorem ipsum dolor sit amet, consectetur adipiscing elit. Etiam et fermentum dui.'),('412','484','Redenstraße','2','Redenstraße 2, 30171 Hannover','9.7592384','52.3646459','Hannover','','30171','Lorem ipsum dolor sit amet, consectetur adipiscing elit. Etiam et fermentum dui.'),('413','485','Redenstraße','2','Redenstraße 2, 30171 Hannover','9.7592384','52.3646459','Hannover','','30171','Lorem ipsum dolor sit amet, consectetur adipiscing elit. Etiam et fermentum dui.'),('414','486','Turmstraße','2','Turmstraße 2, 10559 Berlin','13.3541875','52.5268077','Berlin','','10559','Lorem ipsum dolor sit amet, consectetur adipiscing elit. Etiam et fermentum dui. Ut orci quam, ornare sed lorem sed, hendrerit auctor dolor. Nulla viverra, nibh quis ultrices malesuada, ligula ipsum vulputate diam, aliquam egestas nibh ante vel dui. Sed in tellus interdum eros vulputate placerat sed non enim. Pellentesque eget justo porttitor urna dictum fermentum sit amet sed mauris. Praesent molestie vestibulum erat ac rhoncus. Aenean nunc risus, accumsan nec ipsum et, convallis sollicitudin dui. Proin dictum quam a semper malesuada. Etiam porta sit amet risus quis porta. Nulla facilisi. Cras at interdum ante. Ut gravida pharetra ligula vitae malesuada.'),('415','487','Turmstraße','2','Turmstraße 2, 10559 Berlin','13.3541875','52.5268077','Berlin','','10559','Lorem ipsum dolor sit amet, consectetur adipiscing elit. Etiam et fermentum dui. Ut orci quam, ornare sed lorem sed, hendrerit auctor dolor. Nulla viverra, nibh quis ultrices malesuada, ligula ipsum vulputate diam, aliquam egestas nibh ante vel dui. Sed in tellus interdum eros vulputate placerat sed non enim. Pellentesque eget justo porttitor urna dictum fermentum sit amet sed mauris. Praesent molestie vestibulum erat ac rhoncus. Aenean nunc risus, accumsan nec ipsum et, convallis sollicitudin dui. Proin dictum quam a semper malesuada. Etiam porta sit amet risus quis porta. Nulla facilisi. Cras at interdum ante. Ut gravida pharetra ligula vitae malesuada.'),('416','488','Turmstraße','2','Turmstraße 2, 10559 Berlin','13.3541875','52.5268077','Berlin','','10559','Lorem ipsum dolor sit amet, consectetur adipiscing elit. Etiam et fermentum dui. Ut orci quam, ornare sed lorem sed, hendrerit auctor dolor. Nulla viverra, nibh quis ultrices malesuada, ligula ipsum vulputate diam, aliquam egestas nibh ante vel dui. Sed in tellus interdum eros vulputate placerat sed non enim. Pellentesque eget justo porttitor urna dictum fermentum sit amet sed mauris. Praesent molestie vestibulum erat ac rhoncus. Aenean nunc risus, accumsan nec ipsum et, convallis sollicitudin dui. Proin dictum quam a semper malesuada. Etiam porta sit amet risus quis porta. Nulla facilisi. Cras at interdum ante. Ut gravida pharetra ligula vitae malesuada.'),('417','489','Turmstraße','2','Turmstraße 2, 10559 Berlin','13.3541875','52.5268077','Berlin','','10559','Lorem ipsum dolor sit amet, consectetur adipiscing elit. Etiam et fermentum dui. Ut orci quam, ornare sed lorem sed, hendrerit auctor dolor. Nulla viverra, nibh quis ultrices malesuada, ligula ipsum vulputate diam, aliquam egestas nibh ante vel dui. Sed in tellus interdum eros vulputate placerat sed non enim. Pellentesque eget justo porttitor urna dictum fermentum sit amet sed mauris. Praesent molestie vestibulum erat ac rhoncus. Aenean nunc risus, accumsan nec ipsum et, convallis sollicitudin dui. Proin dictum quam a semper malesuada. Etiam porta sit amet risus quis porta. Nulla facilisi. Cras at interdum ante. Ut gravida pharetra ligula vitae malesuada.'),('418','490','Turmstraße','2','Turmstraße 2, 10559 Berlin','13.3541875','52.5268077','Berlin','','10559','Lorem ipsum dolor sit amet, consectetur adipiscing elit. Etiam et fermentum dui. Ut orci quam, ornare sed lorem sed, hendrerit auctor dolor. Nulla viverra, nibh quis ultrices malesuada, ligula ipsum vulputate diam, aliquam egestas nibh ante vel dui. Sed in tellus interdum eros vulputate placerat sed non enim. Pellentesque eget justo porttitor urna dictum fermentum sit amet sed mauris. Praesent molestie vestibulum erat ac rhoncus. Aenean nunc risus, accumsan nec ipsum et, convallis sollicitudin dui. Proin dictum quam a semper malesuada. Etiam porta sit amet risus quis porta. Nulla facilisi. Cras at interdum ante. Ut gravida pharetra ligula vitae malesuada.'),('419','491','Turmstraße','2','Turmstraße 2, 10559 Berlin','13.3541875','52.5268077','Berlin','','10559','Lorem ipsum dolor sit amet, consectetur adipiscing elit. Etiam et fermentum dui. Ut orci quam, ornare sed lorem sed, hendrerit auctor dolor. Nulla viverra, nibh quis ultrices malesuada, ligula ipsum vulputate diam, aliquam egestas nibh ante vel dui. Sed in tellus interdum eros vulputate placerat sed non enim. Pellentesque eget justo porttitor urna dictum fermentum sit amet sed mauris. Praesent molestie vestibulum erat ac rhoncus. Aenean nunc risus, accumsan nec ipsum et, convallis sollicitudin dui. Proin dictum quam a semper malesuada. Etiam porta sit amet risus quis porta. Nulla facilisi. Cras at interdum ante. Ut gravida pharetra ligula vitae malesuada.'),('420','492','Fucking','2','Fucking 2, 5121 Fucking','12.8639174','48.06760429999999','Fucking','','5121','Lorem ipsum dolor sit amet, consectetur adipiscing elit. Etiam et fermentum dui. Ut orci quam, ornare sed lorem sed, hendrerit auctor dolor. Nulla viverra, nibh quis ultrices malesuada, ligula ipsum vulputate diam, aliquam egestas nibh ante vel dui. Sed in tellus interdum eros vulputate placerat sed non enim. Pellentesque eget justo porttitor urna dictum fermentum sit amet sed mauris. Praesent molestie vestibulum erat ac rhoncus. Aenean nunc risus, accumsan nec ipsum et, convallis sollicitudin dui. Proin dictum quam a semper malesuada. Etiam porta sit amet risus quis porta. Nulla facilisi. Cras at interdum ante. Ut gravida pharetra ligula vitae malesuada.'),('421','493','Fucking','2','Fucking 2, 5121 Fucking','12.8639174','48.06760429999999','Fucking','','5121','Lorem ipsum dolor sit amet, consectetur adipiscing elit. Etiam et fermentum dui. Ut orci quam, ornare sed lorem sed, hendrerit auctor dolor. Nulla viverra, nibh quis ultrices malesuada, ligula ipsum vulputate diam, aliquam egestas nibh ante vel dui. Sed in tellus interdum eros vulputate placerat sed non enim. Pellentesque eget justo porttitor urna dictum fermentum sit amet sed mauris. Praesent molestie vestibulum erat ac rhoncus. Aenean nunc risus, accumsan nec ipsum et, convallis sollicitudin dui. Proin dictum quam a semper malesuada. Etiam porta sit amet risus quis porta. Nulla facilisi. Cras at interdum ante. Ut gravida pharetra ligula vitae malesuada.'),('422','494','Fucking','2','Fucking 2, 5121 Fucking','12.8639174','48.06760429999999','Fucking','','5121','Lorem ipsum dolor sit amet, consectetur adipiscing elit. Etiam et fermentum dui. Ut orci quam, ornare sed lorem sed, hendrerit auctor dolor. Nulla viverra, nibh quis ultrices malesuada, ligula ipsum vulputate diam, aliquam egestas nibh ante vel dui. Sed in tellus interdum eros vulputate placerat sed non enim. Pellentesque eget justo porttitor urna dictum fermentum sit amet sed mauris. Praesent molestie vestibulum erat ac rhoncus. Aenean nunc risus, accumsan nec ipsum et, convallis sollicitudin dui. Proin dictum quam a semper malesuada. Etiam porta sit amet risus quis porta. Nulla facilisi. Cras at interdum ante. Ut gravida pharetra ligula vitae malesuada.'),('423','495','Fucking','2','Fucking 2, 5121 Fucking','12.8639174','48.06760429999999','Fucking','','5121','Lorem ipsum dolor sit amet, consectetur adipiscing elit. Etiam et fermentum dui. Ut orci quam, ornare sed lorem sed, hendrerit auctor dolor. Nulla viverra, nibh quis ultrices malesuada, ligula ipsum vulputate diam, aliquam egestas nibh ante vel dui. Sed in tellus interdum eros vulputate placerat sed non enim. Pellentesque eget justo porttitor urna dictum fermentum sit amet sed mauris. Praesent molestie vestibulum erat ac rhoncus. Aenean nunc risus, accumsan nec ipsum et, convallis sollicitudin dui. Proin dictum quam a semper malesuada. Etiam porta sit amet risus quis porta. Nulla facilisi. Cras at interdum ante. Ut gravida pharetra ligula vitae malesuada.'),('424','496','Fucking','2','Fucking 2, 5121 Fucking','12.8639174','48.06760429999999','Fucking','','5121','Lorem ipsum dolor sit amet, consectetur adipiscing elit. Etiam et fermentum dui. Ut orci quam, ornare sed lorem sed, hendrerit auctor dolor. Nulla viverra, nibh quis ultrices malesuada, ligula ipsum vulputate diam, aliquam egestas nibh ante vel dui. Sed in tellus interdum eros vulputate placerat sed non enim. Pellentesque eget justo porttitor urna dictum fermentum sit amet sed mauris. Praesent molestie vestibulum erat ac rhoncus. Aenean nunc risus, accumsan nec ipsum et, convallis sollicitudin dui. Proin dictum quam a semper malesuada. Etiam porta sit amet risus quis porta. Nulla facilisi. Cras at interdum ante. Ut gravida pharetra ligula vitae malesuada.'),('425','497','Fucking','2','Fucking 2, 5121 Fucking','12.8639174','48.06760429999999','Fucking','','5121','Lorem ipsum dolor sit amet, consectetur adipiscing elit. Etiam et fermentum dui. Ut orci quam, ornare sed lorem sed, hendrerit auctor dolor. Nulla viverra, nibh quis ultrices malesuada, ligula ipsum vulputate diam, aliquam egestas nibh ante vel dui. Sed in tellus interdum eros vulputate placerat sed non enim. Pellentesque eget justo porttitor urna dictum fermentum sit amet sed mauris. Praesent molestie vestibulum erat ac rhoncus. Aenean nunc risus, accumsan nec ipsum et, convallis sollicitudin dui. Proin dictum quam a semper malesuada. Etiam porta sit amet risus quis porta. Nulla facilisi. Cras at interdum ante. Ut gravida pharetra ligula vitae malesuada.'),('426','498','Schönhauser Allee','22','Schönhauser Allee 22, 10435 Berlin','13.4131641','52.5336742','Berlin','','10435','Lorem ipsum dolor sit amet, consectetur adipiscing elit. Etiam et fermentum dui. Ut orci quam, ornare sed lorem sed, hendrerit auctor dolor. Nulla viverra, nibh quis ultrices malesuada, ligula ipsum vulputate diam, aliquam egestas nibh ante vel dui. Sed in tellus interdum eros vulputate placerat sed non enim. Pellentesque eget justo porttitor urna dictum fermentum sit amet sed mauris. Praesent molestie vestibulum erat ac rhoncus. Aenean nunc risus, accumsan nec ipsum et, convallis sollicitudin dui. Proin dictum quam a semper malesuada. Etiam porta sit amet risus quis porta. Nulla facilisi. Cras at interdum ante. Ut gravida pharetra ligula vitae malesuada. Sed eget libero et arcu tempor tincidunt in ac lectus. Maecenas vitae felis enim. In in tellus consequat, condimentum eros vitae, lacinia risus. Sed vehicula sem sed risus volutpat elementum.\n\nNunc accumsan tempus nunc ac aliquet. Integer non ullamcorper eros, in rutrum velit. Proin cursus orci sit amet lobortis iaculis. Praesent cond'),('427','499','Schönhauser Allee','22','Schönhauser Allee 22, 10435 Berlin','13.4131641','52.5336742','Berlin','','10435','Lorem ipsum dolor sit amet, consectetur adipiscing elit. Etiam et fermentum dui. Ut orci quam, ornare sed lorem sed, hendrerit.'),('428','500','Schönhauser Allee','2','Schönhauser Allee 2, 10119 Berlin','13.41067','52.52889','Berlin','','10119','Lorem ipsum dolor sit amet, consectetur adipiscing elit. Etiam et fermentum dui.'),('429','501','Schönhauser Allee','2','Schönhauser Allee 2, 10119 Berlin','13.41067','52.52889','Berlin','','10119','Lorem ipsum dolor sit amet, consectetur adipiscing elit. Etiam et fermentum dui.'),('430','502','Schönhauser Allee','2','Schönhauser Allee 2, 10119 Berlin','13.41067','52.52889','Berlin','','10119','Lorem ipsum dolor sit amet, consectetur adipiscing elit. Etiam et fermentum dui.'),('431','503','Schönhauser Allee','2','Schönhauser Allee 2, 10119 Berlin','13.41067','52.52889','Berlin','','10119','Lorem ipsum dolor sit amet, consectetur adipiscing elit. Etiam et fermentum dui.'),('432','504','Schönhauser Allee','2','Schönhauser Allee 2, 10119 Berlin','13.41067','52.52889','Berlin','','10119','Lorem ipsum dolor sit amet, consectetur adipiscing elit. Etiam et fermentum dui.'),('433','505','Schönhauser Allee','2','Schönhauser Allee 2, 10119 Berlin','13.41067','52.52889','Berlin','','10119','Lorem ipsum dolor sit amet, consectetur adipiscing elit. Etiam et fermentum dui.'),('434','506','Schönhauser Allee','2','Schönhauser Allee 2, 10119 Berlin','13.41067','52.52889','Berlin','','10119','Lorem ipsum dolor sit amet, consectetur adipiscing elit. Etiam et fermentum dui.'),('435','507','Schönhauser Allee','2','Schönhauser Allee 2, 10119 Berlin','13.41067','52.52889','Berlin','','10119','Lorem ipsum dolor sit amet, consectetur adipiscing elit. Etiam et fermentum dui.'),('436','508','Schönhauser Allee','2','Schönhauser Allee 2, 10119 Berlin','13.41067','52.52889','Berlin','','10119','Lorem ipsum dolor sit amet, consectetur adipiscing elit. Etiam et fermentum dui.'),('437','509','Schönhauser Allee','2','Schönhauser Allee 2, 10119 Berlin','13.41067','52.52889','Berlin','','10119','Lorem ipsum dolor sit amet, consectetur adipiscing elit. Etiam et fermentum dui.'),('438','510','Schönhauser Allee','2','Schönhauser Allee 2, 10119 Berlin','13.41067','52.52889','Berlin','','10119','Lorem ipsum dolor sit amet, consectetur adipiscing elit. Etiam et fermentum dui.'),('439','511','Schönhauser Allee','2','Schönhauser Allee 2, 10119 Berlin','13.41067','52.52889','Berlin','','10119','Lorem ipsum dolor sit amet, consectetur adipiscing elit. Etiam et fermentum dui.'),('440','512','Schönhauser Allee','2','Schönhauser Allee 2, 10119 Berlin','13.41067','52.52889','Berlin','','10119','Lorem ipsum dolor sit amet, consectetur adipiscing elit. Etiam et fermentum dui.'),('441','513','Schönhauser Allee','2','Schönhauser Allee 2, 10119 Berlin','13.41067','52.52889','Berlin','','10119','Lorem ipsum dolor sit amet, consectetur adipiscing elit. Etiam et fermentum dui.'),('442','514','Schönhauser Allee','2','Schönhauser Allee 2, 10119 Berlin','13.41067','52.52889','Berlin','','10119','Lorem ipsum dolor sit amet, consectetur adipiscing elit. Etiam et fermentum dui.'),('443','515','Schönhauser Allee','2','Schönhauser Allee 2, 10119 Berlin','13.41067','52.52889','Berlin','','10119','Lorem ipsum dolor sit amet, consectetur adipiscing elit. Etiam et fermentum dui.'),('444','516','Schönhauser Allee','2','Schönhauser Allee 2, 10119 Berlin','13.41067','52.52889','Berlin','','10119','Lorem ipsum dolor sit amet, consectetur adipiscing elit. Etiam et fermentum dui.'),('445','517','Schönhauser Allee','2','Schönhauser Allee 2, 10119 Berlin','13.41067','52.52889','Berlin','','10119','Lorem ipsum dolor sit amet, consectetur adipiscing elit. Etiam et fermentum dui.'),('446','518','Schönhauser Allee','2','Schönhauser Allee 2, 10119 Berlin','13.41067','52.52889','Berlin','','10119','Lorem ipsum dolor sit amet, consectetur adipiscing elit. Etiam et fermentum dui.'),('447','519','Schönhauser Allee','2','Schönhauser Allee 2, 10119 Berlin','13.41067','52.52889','Berlin','','10119','Lorem ipsum dolor sit amet, consectetur adipiscing elit. Etiam et fermentum dui.'),('448','520','Schönhauser Allee','2','Schönhauser Allee 2, 10119 Berlin','13.41067','52.52889','Berlin','','10119','Lorem ipsum dolor sit amet, consectetur adipiscing elit. Etiam et fermentum dui.'),('449','521','Schönhauser Allee','2','Schönhauser Allee 2, 10119 Berlin','13.41067','52.52889','Berlin','','10119','Lorem ipsum dolor sit amet, consectetur adipiscing elit. Etiam et fermentum dui.'),('450','522','Schönhauser Allee','2','Schönhauser Allee 2, 10119 Berlin','13.41067','52.52889','Berlin','','10119','Lorem ipsum dolor sit amet, consectetur adipiscing elit. Etiam et fermentum dui. Ut orci quam, ornare sed lorem sed, hendrerit auctor dolor. Nulla viverra, nibh quis ultrices malesuada, ligula ipsum vulputate diam, aliquam egestas nibh ante vel dui. Sed in tellus interdum eros vulputate placerat sed non enim. Pellentesque eget justo porttitor urna dictum fermentum sit amet sed mauris. Praesent molestie vestibulum erat ac rhoncus. Aenean nunc risus, accumsan nec ipsum et, convallis sollicitudin dui. Proin dictum quam a semper malesuada. Etiam porta sit amet risus quis porta. Nulla facilisi. Cras at interdum ante. Ut gravida pharetra ligula vitae malesuada. Sed eget libero et arcu tempor tincidunt in ac lectus. Maecenas vitae felis enim. In in tellus consequat, condimentum eros vitae, lacinia risus. Sed vehicula sem sed risus volutpat elementum.\n\nNunc accumsan tempus nunc ac aliquet. Integer non ullamcorper eros, in rutrum velit. Proin cursus orci sit amet lobortis iaculis. Praesent cond'),('451','523','Warschauer Straße','12','Warschauer Straße 12, 10243 Berlin','13.4525667','52.5132387','Berlin','','10243','Lorem ipsum dolor sit amet, consectetur adipiscing elit. Etiam et fermentum dui.'),('452','524','Beckhammer','2','Beckhammer 2, 8057 Zürich','8.542402499999998','47.4007065','Zürich','','8057',''),('4f723def-9508-4213-8d48-01f7db88880d','07e643bd-adf5-46a0-a09a-09b2d1fe0436','Schönefelder Chaussee','2','Schönefelder Chaussee 2, 12524 Berlin','13.53542','52.41835','Berlin','','12524','Lorem ipsum dolor sit amet, consectetur adipiscing elit. Etiam et fermentum dui. Ut orci quam, ornare sed lorem sed, hendrerit auctor dolor. Nulla viverra, nibh quis ultrices malesuada, ligula ipsum vulputate diam, aliquam egestas nibh ante vel dui. Sed in tellus interdum eros vulputate placerat sed non enim. Pellentesque eget justo porttitor urna dictum fermentum sit amet sed mauris. Praesent molestie vestibulum erat ac rhoncus. Aenean nunc risus, accumsan nec ipsum et, convallis sollicitudin dui. Proin dictum quam a semper malesuada. Etiam porta sit amet risus quis porta. Nulla facilisi. Cras at interdum ante. Ut gravida pharetra ligula vitae malesuada.'),('59768b7e-a56c-4af1-8c57-e150ba75ecc9','e0778b97-f883-48ac-a962-f88404fef387','Schönefelder Chaussee','2','Schönefelder Chaussee 2, 12524 Berlin','13.53542','52.41835','Berlin','','12524','Lorem ipsum dolor sit amet, consectetur adipiscing elit. Etiam et fermentum dui. Ut orci quam, ornare sed lorem sed, hendrerit auctor dolor. Nulla viverra, nibh quis ultrices malesuada, ligula ipsum vulputate diam, aliquam egestas nibh ante vel dui. Sed in tellus interdum eros vulputate placerat sed non enim. Pellentesque eget justo porttitor urna dictum fermentum sit amet sed mauris. Praesent molestie vestibulum erat ac rhoncus. Aenean nunc risus, accumsan nec ipsum et, convallis sollicitudin dui. Proin dictum quam a semper malesuada. Etiam porta sit amet risus quis porta. Nulla facilisi. Cras at interdum ante. Ut gravida pharetra ligula vitae malesuada.'),('87e0d24d-0af5-447a-896c-2cadab76dceb','7861f14f-916d-4578-bcc7-16e093147608','Schönefelder Chaussee','2','Schönefelder Chaussee 2, 12524 Berlin','13.53542','52.41835','Berlin','','12524','Lorem ipsum dolor sit amet, consectetur adipiscing elit. Etiam et fermentum dui. Ut orci quam, ornare sed lorem sed, hendrerit auctor dolor. Nulla viverra, nibh quis ultrices malesuada, ligula ipsum vulputate diam, aliquam egestas nibh ante vel dui. Sed in tellus interdum eros vulputate placerat sed non enim. Pellentesque eget justo porttitor urna dictum fermentum sit amet sed mauris. Praesent molestie vestibulum erat ac rhoncus. Aenean nunc risus, accumsan nec ipsum et, convallis sollicitudin dui. Proin dictum quam a semper malesuada. Etiam porta sit amet risus quis porta. Nulla facilisi. Cras at interdum ante. Ut gravida pharetra ligula vitae malesuada.'),('a2325d45-8b50-468f-8484-50047b980d5c','4e7b668c-9b4b-468d-baab-8613866f5e69','Schönefelder Chaussee','2','Schönefelder Chaussee 2, 12524 Berlin','13.53542','52.41835','Berlin','','12524','Lorem ipsum dolor sit amet, consectetur adipiscing elit. Etiam et fermentum dui. Ut orci quam, ornare sed lorem sed, hendrerit auctor dolor. Nulla viverra, nibh quis ultrices malesuada, ligula ipsum vulputate diam, aliquam egestas nibh ante vel dui. Sed in tellus interdum eros vulputate placerat sed non enim. Pellentesque eget justo porttitor urna dictum fermentum sit amet sed mauris. Praesent molestie vestibulum erat ac rhoncus. Aenean nunc risus, accumsan nec ipsum et, convallis sollicitudin dui. Proin dictum quam a semper malesuada. Etiam porta sit amet risus quis porta. Nulla facilisi. Cras at interdum ante. Ut gravida pharetra ligula vitae malesuada.'),('b3d48dcf-feeb-4025-b978-d136f20d686e','c1995a59-7734-4bb0-9577-c19b735496e6','Schönefelder Chaussee','2','Schönefelder Chaussee 2, 12524 Berlin','13.53542','52.41835','Berlin','','12524','Lorem ipsum dolor sit amet, consectetur adipiscing elit. Etiam et fermentum dui. Ut orci quam, ornare sed lorem sed, hendrerit auctor dolor. Nulla viverra, nibh quis ultrices malesuada, ligula ipsum vulputate diam, aliquam egestas nibh ante vel dui. Sed in tellus interdum eros vulputate placerat sed non enim. Pellentesque eget justo porttitor urna dictum fermentum sit amet sed mauris. Praesent molestie vestibulum erat ac rhoncus. Aenean nunc risus, accumsan nec ipsum et, convallis sollicitudin dui. Proin dictum quam a semper malesuada. Etiam porta sit amet risus quis porta. Nulla facilisi. Cras at interdum ante. Ut gravida pharetra ligula vitae malesuada.'),('bb32cee3-b3c1-4b4d-9402-a5b231555a3d','ee6b90e0-977a-40e6-8e40-f806d6d49d89','Schönefelder Chaussee','2','Schönefelder Chaussee 2, 12524 Berlin','13.53542','52.41835','Berlin','','12524','Lorem ipsum dolor sit amet, consectetur adipiscing elit. Etiam et fermentum dui. Ut orci quam, ornare sed lorem sed, hendrerit auctor dolor. Nulla viverra, nibh quis ultrices malesuada, ligula ipsum vulputate diam, aliquam egestas nibh ante vel dui. Sed in tellus interdum eros vulputate placerat sed non enim. Pellentesque eget justo porttitor urna dictum fermentum sit amet sed mauris. Praesent molestie vestibulum erat ac rhoncus. Aenean nunc risus, accumsan nec ipsum et, convallis sollicitudin dui. Proin dictum quam a semper malesuada. Etiam porta sit amet risus quis porta. Nulla facilisi. Cras at interdum ante. Ut gravida pharetra ligula vitae malesuada.');
/*!40000 ALTER TABLE `locations` ENABLE KEYS */;
UNLOCK TABLES;

--
-- Table structure for table `notification_poolevents`
--

DROP TABLE IF EXISTS `notification_poolevents`;
/*!40101 SET @saved_cs_client     = @@character_set_client */;
/*!40101 SET character_set_client = utf8 */;
CREATE TABLE `notification_poolevents` (
  `id` int(11) NOT NULL,
  `notification_type` enum('NEW') DEFAULT NULL,
  `source_id` int(11) DEFAULT NULL,
  PRIMARY KEY (`id`)
) ENGINE=InnoDB DEFAULT CHARSET=utf8mb4;
/*!40101 SET character_set_client = @saved_cs_client */;

--
-- Dumping data for table `notification_poolevents`
--

LOCK TABLES `notification_poolevents` WRITE;
/*!40000 ALTER TABLE `notification_poolevents` DISABLE KEYS */;
INSERT INTO `notification_poolevents` VALUES (708,'NEW',456),(709,'NEW',457),(710,'NEW',458),(711,'NEW',459),(712,'NEW',460),(713,'NEW',461),(714,'NEW',462),(715,'NEW',462),(716,'NEW',463),(717,'NEW',463),(718,'NEW',464),(719,'NEW',464),(720,'NEW',465),(721,'NEW',465),(727,'NEW',466),(728,'NEW',466),(729,'NEW',467),(730,'NEW',467),(731,'NEW',468),(732,'NEW',468),(733,'NEW',469),(734,'NEW',469),(735,'NEW',470),(736,'NEW',470),(738,'NEW',471),(739,'NEW',471),(740,'NEW',472),(741,'NEW',472),(745,'NEW',473),(746,'NEW',473),(747,'NEW',474),(748,'NEW',474),(751,'NEW',475),(752,'NEW',475),(753,'NEW',476),(754,'NEW',476),(755,'NEW',477),(756,'NEW',477),(757,'NEW',478),(758,'NEW',478),(759,'NEW',479),(760,'NEW',479),(761,'NEW',480),(762,'NEW',480),(763,'NEW',481),(764,'NEW',481),(765,'NEW',482),(766,'NEW',482),(767,'NEW',483),(768,'NEW',483),(769,'NEW',484),(770,'NEW',484),(772,'NEW',485),(773,'NEW',485),(774,'NEW',486),(775,'NEW',486),(776,'NEW',487),(777,'NEW',487),(778,'NEW',488),(779,'NEW',488),(781,'NEW',489),(782,'NEW',489),(783,'NEW',490),(784,'NEW',490),(785,'NEW',491),(786,'NEW',491),(787,'NEW',492),(788,'NEW',492),(789,'NEW',493),(790,'NEW',493),(792,'NEW',494),(793,'NEW',494),(794,'NEW',495),(795,'NEW',495),(796,'NEW',496),(797,'NEW',496),(798,'NEW',497),(799,'NEW',497),(802,'NEW',498),(803,'NEW',498),(804,'NEW',499),(805,'NEW',499),(806,'NEW',500),(807,'NEW',500),(808,'NEW',501),(809,'NEW',501),(810,'NEW',502),(811,'NEW',502),(812,'NEW',503),(813,'NEW',503),(814,'NEW',504),(815,'NEW',504),(816,'NEW',505),(817,'NEW',505),(818,'NEW',506),(819,'NEW',506),(820,'NEW',507),(821,'NEW',507),(822,'NEW',508),(823,'NEW',508),(824,'NEW',509),(825,'NEW',509),(826,'NEW',510),(827,'NEW',510),(828,'NEW',511),(829,'NEW',511),(830,'NEW',512),(831,'NEW',512),(832,'NEW',513),(833,'NEW',513),(834,'NEW',514),(835,'NEW',514),(836,'NEW',515),(837,'NEW',515),(838,'NEW',516),(839,'NEW',516),(840,'NEW',517),(841,'NEW',517),(842,'NEW',518),(843,'NEW',518),(844,'NEW',519),(845,'NEW',519),(846,'NEW',520),(847,'NEW',520),(848,'NEW',521),(849,'NEW',521),(850,'NEW',522),(851,'NEW',522),(852,'NEW',523),(853,'NEW',523),(854,'NEW',524),(855,'NEW',524);
/*!40000 ALTER TABLE `notification_poolevents` ENABLE KEYS */;
UNLOCK TABLES;

--
-- Table structure for table `notifications`
--

DROP TABLE IF EXISTS `notifications`;
/*!40101 SET @saved_cs_client     = @@character_set_client */;
/*!40101 SET character_set_client = utf8 */;
CREATE TABLE `notifications` (
  `id` int(11) NOT NULL AUTO_INCREMENT,
  `user_id` varchar(128) NOT NULL,
  `type` enum('poolevents','comments','votes','badges') NOT NULL COMMENT 'ENUM(''PE_NEW'', \\\\\\\\n''PE_RELEASED'',\\\\\\\\n ''PE_CANCELLED'', \\\\\\\\n''NEW_COMMENT'', \\\\\\\\n''NEW_VOTE'', \\\\\\\\n''APPLICATION_REJECTED'',\\\\\\\\n ''APPLICATION_ACCEPETED’,\\\\\\\\n)',
  `desc` text DEFAULT NULL,
  `source_id` int(11) NOT NULL,
  `dirty` tinyint(1) DEFAULT 0,
  `created_at` timestamp NOT NULL DEFAULT current_timestamp(),
  `trigger_id` varchar(128) DEFAULT NULL,
  PRIMARY KEY (`id`)
) ENGINE=InnoDB AUTO_INCREMENT=856 DEFAULT CHARSET=utf8mb4;
/*!40101 SET character_set_client = @saved_cs_client */;

--
-- Dumping data for table `notifications`
--

LOCK TABLES `notifications` WRITE;
/*!40000 ALTER TABLE `notifications` DISABLE KEYS */;
INSERT INTO `notifications` VALUES (708,'4a74141e-c2c0-46a0-9c0c-84bef8be7d0f','poolevents',NULL,0,1,'2020-01-11 19:19:21',NULL),(709,'4a74141e-c2c0-46a0-9c0c-84bef8be7d0f','poolevents',NULL,0,1,'2020-01-11 19:19:38',NULL),(710,'4a74141e-c2c0-46a0-9c0c-84bef8be7d0f','poolevents',NULL,0,1,'2020-01-11 19:19:39',NULL),(711,'4a74141e-c2c0-46a0-9c0c-84bef8be7d0f','poolevents',NULL,0,1,'2020-01-11 19:19:40',NULL),(712,'4a74141e-c2c0-46a0-9c0c-84bef8be7d0f','poolevents',NULL,0,1,'2020-01-11 19:19:41',NULL),(713,'4a74141e-c2c0-46a0-9c0c-84bef8be7d0f','poolevents',NULL,0,1,'2020-01-11 19:19:41',NULL),(714,'4a74141e-c2c0-46a0-9c0c-84bef8be7d0f','poolevents',NULL,0,1,'2020-01-12 09:02:49',NULL),(715,'8d411dc4-e76f-4d0e-a027-056a0bc43be5','poolevents',NULL,0,1,'2020-01-12 09:02:49',NULL),(716,'4a74141e-c2c0-46a0-9c0c-84bef8be7d0f','poolevents',NULL,0,1,'2020-01-12 09:02:57',NULL),(717,'8d411dc4-e76f-4d0e-a027-056a0bc43be5','poolevents',NULL,0,1,'2020-01-12 09:02:57',NULL),(718,'4a74141e-c2c0-46a0-9c0c-84bef8be7d0f','poolevents',NULL,0,1,'2020-01-12 09:25:20',NULL),(719,'8d411dc4-e76f-4d0e-a027-056a0bc43be5','poolevents',NULL,0,1,'2020-01-12 09:25:20',NULL),(720,'4a74141e-c2c0-46a0-9c0c-84bef8be7d0f','poolevents',NULL,0,1,'2020-01-12 09:26:48',NULL),(721,'8d411dc4-e76f-4d0e-a027-056a0bc43be5','poolevents',NULL,0,1,'2020-01-12 09:26:48',NULL),(722,'4a74141e-c2c0-46a0-9c0c-84bef8be7d0f','badges','',378,1,'2020-01-12 09:26:48','4a74141e-c2c0-46a0-9c0c-84bef8be7d0f'),(723,'8d411dc4-e76f-4d0e-a027-056a0bc43be5','badges','',379,1,'2020-01-12 11:06:11','8d411dc4-e76f-4d0e-a027-056a0bc43be5'),(724,'8d411dc4-e76f-4d0e-a027-056a0bc43be5','badges','',382,1,'2020-01-12 11:06:28','8d411dc4-e76f-4d0e-a027-056a0bc43be5'),(725,'8d411dc4-e76f-4d0e-a027-056a0bc43be5','badges','',384,1,'2020-01-12 22:03:23','8d411dc4-e76f-4d0e-a027-056a0bc43be5'),(726,'4a74141e-c2c0-46a0-9c0c-84bef8be7d0f','badges','',382,1,'2020-01-13 17:44:27','4a74141e-c2c0-46a0-9c0c-84bef8be7d0f'),(727,'4a74141e-c2c0-46a0-9c0c-84bef8be7d0f','poolevents',NULL,0,1,'2020-01-13 19:31:22',NULL),(728,'8d411dc4-e76f-4d0e-a027-056a0bc43be5','poolevents',NULL,0,1,'2020-01-13 19:31:22',NULL),(729,'4a74141e-c2c0-46a0-9c0c-84bef8be7d0f','poolevents',NULL,0,1,'2020-01-13 19:31:28',NULL),(730,'8d411dc4-e76f-4d0e-a027-056a0bc43be5','poolevents',NULL,0,1,'2020-01-13 19:31:28',NULL),(731,'4a74141e-c2c0-46a0-9c0c-84bef8be7d0f','poolevents',NULL,0,1,'2020-01-13 19:31:37',NULL),(732,'8d411dc4-e76f-4d0e-a027-056a0bc43be5','poolevents',NULL,0,1,'2020-01-13 19:31:37',NULL),(733,'4a74141e-c2c0-46a0-9c0c-84bef8be7d0f','poolevents',NULL,0,1,'2020-01-13 19:33:21',NULL),(734,'8d411dc4-e76f-4d0e-a027-056a0bc43be5','poolevents',NULL,0,1,'2020-01-13 19:33:21',NULL),(735,'4a74141e-c2c0-46a0-9c0c-84bef8be7d0f','poolevents',NULL,0,1,'2020-01-13 20:26:01',NULL),(736,'8d411dc4-e76f-4d0e-a027-056a0bc43be5','poolevents',NULL,0,1,'2020-01-13 20:26:01',NULL),(737,'4a74141e-c2c0-46a0-9c0c-84bef8be7d0f','badges','',379,1,'2020-01-16 13:50:53','4a74141e-c2c0-46a0-9c0c-84bef8be7d0f'),(738,'4a74141e-c2c0-46a0-9c0c-84bef8be7d0f','poolevents',NULL,0,1,'2020-01-17 19:07:37',NULL),(739,'8d411dc4-e76f-4d0e-a027-056a0bc43be5','poolevents',NULL,0,1,'2020-01-17 19:07:37',NULL),(740,'4a74141e-c2c0-46a0-9c0c-84bef8be7d0f','poolevents',NULL,0,1,'2020-01-18 11:50:29',NULL),(741,'8d411dc4-e76f-4d0e-a027-056a0bc43be5','poolevents',NULL,0,1,'2020-01-18 11:50:29',NULL),(742,'4a74141e-c2c0-46a0-9c0c-84bef8be7d0f','badges','',380,1,'2020-01-22 08:18:59','4a74141e-c2c0-46a0-9c0c-84bef8be7d0f'),(743,'4a74141e-c2c0-46a0-9c0c-84bef8be7d0f','badges','',385,1,'2020-01-23 20:13:14','4a74141e-c2c0-46a0-9c0c-84bef8be7d0f'),(744,'4a74141e-c2c0-46a0-9c0c-84bef8be7d0f','badges','',381,1,'2020-01-23 20:19:57','4a74141e-c2c0-46a0-9c0c-84bef8be7d0f'),(745,'4a74141e-c2c0-46a0-9c0c-84bef8be7d0f','poolevents',NULL,0,1,'2020-01-27 13:32:18',NULL),(746,'8d411dc4-e76f-4d0e-a027-056a0bc43be5','poolevents',NULL,0,1,'2020-01-27 13:32:18',NULL),(747,'4a74141e-c2c0-46a0-9c0c-84bef8be7d0f','poolevents',NULL,0,1,'2020-01-27 13:38:06',NULL),(748,'8d411dc4-e76f-4d0e-a027-056a0bc43be5','poolevents',NULL,0,1,'2020-01-27 13:38:06',NULL),(749,'4a74141e-c2c0-46a0-9c0c-84bef8be7d0f','badges','',386,1,'2020-02-01 22:55:29','4a74141e-c2c0-46a0-9c0c-84bef8be7d0f'),(750,'4a74141e-c2c0-46a0-9c0c-84bef8be7d0f','badges','',384,1,'2020-02-09 22:32:05','4a74141e-c2c0-46a0-9c0c-84bef8be7d0f'),(751,'4a74141e-c2c0-46a0-9c0c-84bef8be7d0f','poolevents',NULL,0,1,'2020-02-10 12:34:22',NULL),(752,'8d411dc4-e76f-4d0e-a027-056a0bc43be5','poolevents',NULL,0,1,'2020-02-10 12:34:22',NULL),(753,'4a74141e-c2c0-46a0-9c0c-84bef8be7d0f','poolevents',NULL,0,1,'2020-02-10 12:35:41',NULL),(754,'8d411dc4-e76f-4d0e-a027-056a0bc43be5','poolevents',NULL,0,1,'2020-02-10 12:35:41',NULL),(755,'4a74141e-c2c0-46a0-9c0c-84bef8be7d0f','poolevents',NULL,0,1,'2020-02-10 12:39:29',NULL),(756,'8d411dc4-e76f-4d0e-a027-056a0bc43be5','poolevents',NULL,0,1,'2020-02-10 12:39:29',NULL),(757,'4a74141e-c2c0-46a0-9c0c-84bef8be7d0f','poolevents',NULL,0,1,'2020-02-10 12:46:21',NULL),(758,'8d411dc4-e76f-4d0e-a027-056a0bc43be5','poolevents',NULL,0,1,'2020-02-10 12:46:21',NULL),(759,'4a74141e-c2c0-46a0-9c0c-84bef8be7d0f','poolevents',NULL,0,1,'2020-02-10 12:49:08',NULL),(760,'8d411dc4-e76f-4d0e-a027-056a0bc43be5','poolevents',NULL,0,1,'2020-02-10 12:49:08',NULL),(761,'4a74141e-c2c0-46a0-9c0c-84bef8be7d0f','poolevents',NULL,0,1,'2020-02-10 12:58:02',NULL),(762,'8d411dc4-e76f-4d0e-a027-056a0bc43be5','poolevents',NULL,0,1,'2020-02-10 12:58:02',NULL),(763,'4a74141e-c2c0-46a0-9c0c-84bef8be7d0f','poolevents',NULL,0,1,'2020-02-10 12:58:40',NULL),(764,'8d411dc4-e76f-4d0e-a027-056a0bc43be5','poolevents',NULL,0,1,'2020-02-10 12:58:40',NULL),(765,'4a74141e-c2c0-46a0-9c0c-84bef8be7d0f','poolevents',NULL,0,1,'2020-02-10 13:00:57',NULL),(766,'8d411dc4-e76f-4d0e-a027-056a0bc43be5','poolevents',NULL,0,1,'2020-02-10 13:00:57',NULL),(767,'4a74141e-c2c0-46a0-9c0c-84bef8be7d0f','poolevents',NULL,0,1,'2020-02-10 13:22:58',NULL),(768,'8d411dc4-e76f-4d0e-a027-056a0bc43be5','poolevents',NULL,0,1,'2020-02-10 13:22:58',NULL),(769,'4a74141e-c2c0-46a0-9c0c-84bef8be7d0f','poolevents',NULL,0,1,'2020-02-10 16:40:17',NULL),(770,'8d411dc4-e76f-4d0e-a027-056a0bc43be5','poolevents',NULL,0,1,'2020-02-10 16:40:17',NULL),(771,'8d411dc4-e76f-4d0e-a027-056a0bc43be5','badges','',376,1,'2020-02-10 16:40:17','8d411dc4-e76f-4d0e-a027-056a0bc43be5'),(772,'4a74141e-c2c0-46a0-9c0c-84bef8be7d0f','poolevents',NULL,0,1,'2020-02-10 16:41:41',NULL),(773,'8d411dc4-e76f-4d0e-a027-056a0bc43be5','poolevents',NULL,0,1,'2020-02-10 16:41:41',NULL),(774,'4a74141e-c2c0-46a0-9c0c-84bef8be7d0f','poolevents',NULL,0,1,'2020-02-10 19:12:38',NULL),(775,'8d411dc4-e76f-4d0e-a027-056a0bc43be5','poolevents',NULL,0,1,'2020-02-10 19:12:38',NULL),(776,'4a74141e-c2c0-46a0-9c0c-84bef8be7d0f','poolevents',NULL,0,1,'2020-02-10 19:17:38',NULL),(777,'8d411dc4-e76f-4d0e-a027-056a0bc43be5','poolevents',NULL,0,1,'2020-02-10 19:17:38',NULL),(778,'4a74141e-c2c0-46a0-9c0c-84bef8be7d0f','poolevents',NULL,0,1,'2020-02-10 19:19:17',NULL),(779,'8d411dc4-e76f-4d0e-a027-056a0bc43be5','poolevents',NULL,0,1,'2020-02-10 19:19:17',NULL),(780,'8d411dc4-e76f-4d0e-a027-056a0bc43be5','badges','',377,1,'2020-02-10 19:19:17','8d411dc4-e76f-4d0e-a027-056a0bc43be5'),(781,'4a74141e-c2c0-46a0-9c0c-84bef8be7d0f','poolevents',NULL,0,1,'2020-02-10 19:20:03',NULL),(782,'8d411dc4-e76f-4d0e-a027-056a0bc43be5','poolevents',NULL,0,1,'2020-02-10 19:20:03',NULL),(783,'4a74141e-c2c0-46a0-9c0c-84bef8be7d0f','poolevents',NULL,0,1,'2020-02-10 19:20:04',NULL),(784,'8d411dc4-e76f-4d0e-a027-056a0bc43be5','poolevents',NULL,0,1,'2020-02-10 19:20:04',NULL),(785,'4a74141e-c2c0-46a0-9c0c-84bef8be7d0f','poolevents',NULL,0,1,'2020-02-10 19:20:05',NULL),(786,'8d411dc4-e76f-4d0e-a027-056a0bc43be5','poolevents',NULL,0,1,'2020-02-10 19:20:05',NULL),(787,'4a74141e-c2c0-46a0-9c0c-84bef8be7d0f','poolevents',NULL,0,1,'2020-02-10 21:10:25',NULL),(788,'8d411dc4-e76f-4d0e-a027-056a0bc43be5','poolevents',NULL,0,1,'2020-02-10 21:10:25',NULL),(789,'4a74141e-c2c0-46a0-9c0c-84bef8be7d0f','poolevents',NULL,0,1,'2020-02-10 21:10:43',NULL),(790,'8d411dc4-e76f-4d0e-a027-056a0bc43be5','poolevents',NULL,0,1,'2020-02-10 21:10:43',NULL),(791,'8d411dc4-e76f-4d0e-a027-056a0bc43be5','badges','',378,1,'2020-02-10 21:10:43','8d411dc4-e76f-4d0e-a027-056a0bc43be5'),(792,'4a74141e-c2c0-46a0-9c0c-84bef8be7d0f','poolevents',NULL,0,1,'2020-02-10 21:10:44',NULL),(793,'8d411dc4-e76f-4d0e-a027-056a0bc43be5','poolevents',NULL,0,1,'2020-02-10 21:10:44',NULL),(794,'4a74141e-c2c0-46a0-9c0c-84bef8be7d0f','poolevents',NULL,0,1,'2020-02-10 21:10:44',NULL),(795,'8d411dc4-e76f-4d0e-a027-056a0bc43be5','poolevents',NULL,0,1,'2020-02-10 21:10:44',NULL),(796,'4a74141e-c2c0-46a0-9c0c-84bef8be7d0f','poolevents',NULL,0,1,'2020-02-10 21:10:44',NULL),(797,'8d411dc4-e76f-4d0e-a027-056a0bc43be5','poolevents',NULL,0,1,'2020-02-10 21:10:44',NULL),(798,'4a74141e-c2c0-46a0-9c0c-84bef8be7d0f','poolevents',NULL,0,1,'2020-02-10 21:10:44',NULL),(799,'8d411dc4-e76f-4d0e-a027-056a0bc43be5','poolevents',NULL,0,1,'2020-02-10 21:10:44',NULL),(800,'8d411dc4-e76f-4d0e-a027-056a0bc43be5','badges','',385,1,'2020-02-10 21:59:21','8d411dc4-e76f-4d0e-a027-056a0bc43be5'),(801,'4a74141e-c2c0-46a0-9c0c-84bef8be7d0f','badges','',383,1,'2020-02-12 21:24:06','4a74141e-c2c0-46a0-9c0c-84bef8be7d0f'),(802,'4a74141e-c2c0-46a0-9c0c-84bef8be7d0f','poolevents',NULL,0,1,'2020-02-15 08:22:31',NULL),(803,'8d411dc4-e76f-4d0e-a027-056a0bc43be5','poolevents',NULL,0,1,'2020-02-15 08:22:31',NULL),(804,'4a74141e-c2c0-46a0-9c0c-84bef8be7d0f','poolevents',NULL,0,1,'2020-02-15 11:06:27',NULL),(805,'8d411dc4-e76f-4d0e-a027-056a0bc43be5','poolevents',NULL,0,0,'2020-02-15 11:06:27',NULL),(806,'4a74141e-c2c0-46a0-9c0c-84bef8be7d0f','poolevents',NULL,0,1,'2020-02-15 11:46:22',NULL),(807,'8d411dc4-e76f-4d0e-a027-056a0bc43be5','poolevents',NULL,0,0,'2020-02-15 11:46:22',NULL),(808,'4a74141e-c2c0-46a0-9c0c-84bef8be7d0f','poolevents',NULL,0,1,'2020-02-15 11:53:14',NULL),(809,'8d411dc4-e76f-4d0e-a027-056a0bc43be5','poolevents',NULL,0,0,'2020-02-15 11:53:14',NULL),(810,'4a74141e-c2c0-46a0-9c0c-84bef8be7d0f','poolevents',NULL,0,1,'2020-02-15 11:54:07',NULL),(811,'8d411dc4-e76f-4d0e-a027-056a0bc43be5','poolevents',NULL,0,0,'2020-02-15 11:54:07',NULL),(812,'4a74141e-c2c0-46a0-9c0c-84bef8be7d0f','poolevents',NULL,0,1,'2020-02-15 11:55:13',NULL),(813,'8d411dc4-e76f-4d0e-a027-056a0bc43be5','poolevents',NULL,0,0,'2020-02-15 11:55:13',NULL),(814,'4a74141e-c2c0-46a0-9c0c-84bef8be7d0f','poolevents',NULL,0,1,'2020-02-15 11:57:48',NULL),(815,'8d411dc4-e76f-4d0e-a027-056a0bc43be5','poolevents',NULL,0,0,'2020-02-15 11:57:48',NULL),(816,'4a74141e-c2c0-46a0-9c0c-84bef8be7d0f','poolevents',NULL,0,1,'2020-02-15 12:02:39',NULL),(817,'8d411dc4-e76f-4d0e-a027-056a0bc43be5','poolevents',NULL,0,0,'2020-02-15 12:02:39',NULL),(818,'4a74141e-c2c0-46a0-9c0c-84bef8be7d0f','poolevents',NULL,0,1,'2020-02-15 12:04:08',NULL),(819,'8d411dc4-e76f-4d0e-a027-056a0bc43be5','poolevents',NULL,0,0,'2020-02-15 12:04:08',NULL),(820,'4a74141e-c2c0-46a0-9c0c-84bef8be7d0f','poolevents',NULL,0,1,'2020-02-15 12:07:44',NULL),(821,'8d411dc4-e76f-4d0e-a027-056a0bc43be5','poolevents',NULL,0,0,'2020-02-15 12:07:44',NULL),(822,'4a74141e-c2c0-46a0-9c0c-84bef8be7d0f','poolevents',NULL,0,1,'2020-02-15 12:10:39',NULL),(823,'8d411dc4-e76f-4d0e-a027-056a0bc43be5','poolevents',NULL,0,0,'2020-02-15 12:10:39',NULL),(824,'4a74141e-c2c0-46a0-9c0c-84bef8be7d0f','poolevents',NULL,0,1,'2020-02-15 12:11:30',NULL),(825,'8d411dc4-e76f-4d0e-a027-056a0bc43be5','poolevents',NULL,0,0,'2020-02-15 12:11:30',NULL),(826,'4a74141e-c2c0-46a0-9c0c-84bef8be7d0f','poolevents',NULL,0,1,'2020-02-15 12:14:40',NULL),(827,'8d411dc4-e76f-4d0e-a027-056a0bc43be5','poolevents',NULL,0,0,'2020-02-15 12:14:40',NULL),(828,'4a74141e-c2c0-46a0-9c0c-84bef8be7d0f','poolevents',NULL,0,1,'2020-02-15 12:16:13',NULL),(829,'8d411dc4-e76f-4d0e-a027-056a0bc43be5','poolevents',NULL,0,0,'2020-02-15 12:16:13',NULL),(830,'4a74141e-c2c0-46a0-9c0c-84bef8be7d0f','poolevents',NULL,0,1,'2020-02-15 12:16:30',NULL),(831,'8d411dc4-e76f-4d0e-a027-056a0bc43be5','poolevents',NULL,0,0,'2020-02-15 12:16:30',NULL),(832,'4a74141e-c2c0-46a0-9c0c-84bef8be7d0f','poolevents',NULL,0,1,'2020-02-15 12:18:36',NULL),(833,'8d411dc4-e76f-4d0e-a027-056a0bc43be5','poolevents',NULL,0,0,'2020-02-15 12:18:36',NULL),(834,'4a74141e-c2c0-46a0-9c0c-84bef8be7d0f','poolevents',NULL,0,1,'2020-02-15 12:19:14',NULL),(835,'8d411dc4-e76f-4d0e-a027-056a0bc43be5','poolevents',NULL,0,0,'2020-02-15 12:19:14',NULL),(836,'4a74141e-c2c0-46a0-9c0c-84bef8be7d0f','poolevents',NULL,0,1,'2020-02-15 12:20:25',NULL),(837,'8d411dc4-e76f-4d0e-a027-056a0bc43be5','poolevents',NULL,0,0,'2020-02-15 12:20:25',NULL),(838,'4a74141e-c2c0-46a0-9c0c-84bef8be7d0f','poolevents',NULL,0,1,'2020-02-15 12:22:58',NULL),(839,'8d411dc4-e76f-4d0e-a027-056a0bc43be5','poolevents',NULL,0,0,'2020-02-15 12:22:58',NULL),(840,'4a74141e-c2c0-46a0-9c0c-84bef8be7d0f','poolevents',NULL,0,1,'2020-02-15 12:26:11',NULL),(841,'8d411dc4-e76f-4d0e-a027-056a0bc43be5','poolevents',NULL,0,0,'2020-02-15 12:26:11',NULL),(842,'4a74141e-c2c0-46a0-9c0c-84bef8be7d0f','poolevents',NULL,0,1,'2020-02-15 12:26:26',NULL),(843,'8d411dc4-e76f-4d0e-a027-056a0bc43be5','poolevents',NULL,0,0,'2020-02-15 12:26:26',NULL),(844,'4a74141e-c2c0-46a0-9c0c-84bef8be7d0f','poolevents',NULL,0,1,'2020-02-15 12:28:09',NULL),(845,'8d411dc4-e76f-4d0e-a027-056a0bc43be5','poolevents',NULL,0,0,'2020-02-15 12:28:09',NULL),(846,'4a74141e-c2c0-46a0-9c0c-84bef8be7d0f','poolevents',NULL,0,1,'2020-02-15 12:34:02',NULL),(847,'8d411dc4-e76f-4d0e-a027-056a0bc43be5','poolevents',NULL,0,0,'2020-02-15 12:34:02',NULL),(848,'4a74141e-c2c0-46a0-9c0c-84bef8be7d0f','poolevents',NULL,0,1,'2020-02-15 12:38:34',NULL),(849,'8d411dc4-e76f-4d0e-a027-056a0bc43be5','poolevents',NULL,0,0,'2020-02-15 12:38:34',NULL),(850,'4a74141e-c2c0-46a0-9c0c-84bef8be7d0f','poolevents',NULL,0,1,'2020-02-16 09:41:16',NULL),(851,'8d411dc4-e76f-4d0e-a027-056a0bc43be5','poolevents',NULL,0,0,'2020-02-16 09:41:16',NULL),(852,'4a74141e-c2c0-46a0-9c0c-84bef8be7d0f','poolevents',NULL,0,1,'2020-02-20 13:53:25',NULL),(853,'8d411dc4-e76f-4d0e-a027-056a0bc43be5','poolevents',NULL,0,0,'2020-02-20 13:53:25',NULL),(854,'4a74141e-c2c0-46a0-9c0c-84bef8be7d0f','poolevents',NULL,0,1,'2020-02-20 18:00:43',NULL),(855,'8d411dc4-e76f-4d0e-a027-056a0bc43be5','poolevents',NULL,0,0,'2020-02-20 18:00:43',NULL);
/*!40000 ALTER TABLE `notifications` ENABLE KEYS */;
UNLOCK TABLES;

--
-- Table structure for table `poolevent_types`
--

DROP TABLE IF EXISTS `poolevent_types`;
/*!40101 SET @saved_cs_client     = @@character_set_client */;
/*!40101 SET character_set_client = utf8 */;
CREATE TABLE `poolevent_types` (
  `idevent_type` int(11) NOT NULL AUTO_INCREMENT,
  `name` varchar(30) NOT NULL,
  `created_at` timestamp NOT NULL DEFAULT current_timestamp(),
  PRIMARY KEY (`idevent_type`),
  UNIQUE KEY `name_UNIQUE` (`name`)
) ENGINE=InnoDB AUTO_INCREMENT=7 DEFAULT CHARSET=utf8mb4;
/*!40101 SET character_set_client = @saved_cs_client */;

--
-- Dumping data for table `poolevent_types`
--

LOCK TABLES `poolevent_types` WRITE;
/*!40000 ALTER TABLE `poolevent_types` DISABLE KEYS */;
INSERT INTO `poolevent_types` VALUES (1,'Netzwerk Treffen','2020-01-10 11:57:29'),(2,'concert','2020-01-10 11:57:29'),(3,'festival','2020-01-10 11:57:29'),(4,'goldeimer festival','2020-01-10 11:57:29'),(5,'run4wash','2020-01-10 11:57:29'),(6,'test','2020-01-10 11:57:29');
/*!40000 ALTER TABLE `poolevent_types` ENABLE KEYS */;
UNLOCK TABLES;

--
-- Table structure for table `poolevents`
--

DROP TABLE IF EXISTS `poolevents`;
/*!40101 SET @saved_cs_client     = @@character_set_client */;
/*!40101 SET character_set_client = utf8 */;
CREATE TABLE `poolevents` (
  `idevent` varchar(225) NOT NULL,
  `name` varchar(225) NOT NULL,
  `created_at` bigint(20) NOT NULL DEFAULT current_timestamp(),
  `event_start` bigint(20) NOT NULL,
  `event_end` bigint(20) NOT NULL,
  `application_start` bigint(20) NOT NULL,
  `application_end` bigint(20) NOT NULL,
  `asp_event_id` varchar(225) DEFAULT NULL,
  `website` varchar(225) DEFAULT NULL,
  `supporter_lim` int(11) DEFAULT 0,
  `active_user_only` tinyint(1) DEFAULT 0,
  `user_id` varchar(128) NOT NULL,
  `edited_at` bigint(20) DEFAULT NULL,
  `state` enum('UNRELEASED','RELEASED','REJECTED','DRAFT','CANCELED') NOT NULL DEFAULT 'UNRELEASED',
  `idevent_type` int(11) NOT NULL,
  `fave_count` int(11) NOT NULL DEFAULT 0,
  `is_deleted` bit(1) NOT NULL DEFAULT b'0',
  `crew_id` varchar(225) DEFAULT NULL,
  PRIMARY KEY (`idevent`)
) ENGINE=InnoDB DEFAULT CHARSET=utf8mb4;
/*!40101 SET character_set_client = @saved_cs_client */;

--
-- Dumping data for table `poolevents`
--

LOCK TABLES `poolevents` WRITE;
/*!40000 ALTER TABLE `poolevents` DISABLE KEYS */;
INSERT INTO `poolevents` VALUES ('07e643bd-adf5-46a0-a09a-09b2d1fe0436','scoop',20200313223428,0,0,0,0,'4a74141e-c2c0-46a0-9c0c-84bef8be7d0f','wwww.scoop.com',3,0,'4a74141e-c2c0-46a0-9c0c-84bef8be7d0f',NULL,'UNRELEASED',0,1,'\0',NULL),('091f08d0-0f9d-477f-b9c3-479e41b902cd','test',20200313080057,1231231312,123141234231,12123123123,13112314,'13123123','website',1,1,'8d411dc4-e76f-4d0e-a027-056a0bc43be5',20200313080057,'UNRELEASED',1,0,'\0','321'),('11eb8ba3-c4f7-4aec-b8d8-4469df83f096','test',20200312211220,1231231312,123141234231,12123123123,13112314,'13123123','website',1,1,'8d411dc4-e76f-4d0e-a027-056a0bc43be5',20200312211220,'UNRELEASED',1,0,'\0','321'),('1538eb37-65ad-4315-b8a3-39f44010e7ae','test',20200313080042,1231231312,123141234231,12123123123,13112314,'13123123','website',1,1,'8d411dc4-e76f-4d0e-a027-056a0bc43be5',20200313080042,'UNRELEASED',1,0,'\0','321'),('3cb130ad-30cf-4d38-b748-375f8bd5458c','test',20200312210857,1231231312,123141234231,12123123123,13112314,'13123123','website',1,1,'8d411dc4-e76f-4d0e-a027-056a0bc43be5',20200312210857,'UNRELEASED',1,0,'\0','321'),('456','Lorem ipsum dolor.',20200111191921,0,0,0,0,'4a74141e-c2c0-46a0-9c0c-84bef8be7d0f','Lorem ipsum dolor.',3,0,'4a74141e-c2c0-46a0-9c0c-84bef8be7d0f',20200111201122,'RELEASED',0,0,'\0',NULL),('457','Lorem ipsum dolor.',20200111191938,0,0,0,0,'4a74141e-c2c0-46a0-9c0c-84bef8be7d0f','Lorem ipsum dolor.',3,0,'4a74141e-c2c0-46a0-9c0c-84bef8be7d0f',20200112113533,'REJECTED',1,0,'\0',NULL),('458','scoop',20200111191939,0,0,0,0,'4a74141e-c2c0-46a0-9c0c-84bef8be7d0f','Lorem ipsum dolor.',3,0,'4a74141e-c2c0-46a0-9c0c-84bef8be7d0f',20200116160940,'RELEASED',0,1,'\0',NULL),('459','Lorem ipsum dolor.',20200111191940,0,0,0,0,'4a74141e-c2c0-46a0-9c0c-84bef8be7d0f','Lorem ipsum dolor.',3,0,'4a74141e-c2c0-46a0-9c0c-84bef8be7d0f',20200123094332,'CANCELED',1,1,'\0',NULL),('460','Lorem ipsum dolor.',20200111191941,0,0,0,0,'4a74141e-c2c0-46a0-9c0c-84bef8be7d0f','Lorem ipsum dolor.',3,0,'4a74141e-c2c0-46a0-9c0c-84bef8be7d0f',20200112135724,'REJECTED',1,1,'\0',NULL),('461','Lorem ipsum dolor.',20200111191941,0,0,0,0,'4a74141e-c2c0-46a0-9c0c-84bef8be7d0f','Lorem ipsum dolor.',3,0,'4a74141e-c2c0-46a0-9c0c-84bef8be7d0f',20200126161750,'CANCELED',1,0,'\0',NULL),('462','Lorem ipsum dolor.',20200112090249,0,0,0,0,'4a74141e-c2c0-46a0-9c0c-84bef8be7d0f','lorem',5,0,'4a74141e-c2c0-46a0-9c0c-84bef8be7d0f',20200209191646,'REJECTED',6,0,'\0',NULL),('463','Lorem ipsum dolor.',20200112090257,0,0,0,0,'4a74141e-c2c0-46a0-9c0c-84bef8be7d0f','lorem',5,0,'4a74141e-c2c0-46a0-9c0c-84bef8be7d0f',20200123111740,'CANCELED',6,0,'\0',NULL),('464','Radiohead',20200112092520,0,0,0,0,'4a74141e-c2c0-46a0-9c0c-84bef8be7d0f','lorem',4,0,'4a74141e-c2c0-46a0-9c0c-84bef8be7d0f',20200123123753,'CANCELED',2,0,'\0',NULL),('465','Radiohead',20200112092648,0,0,0,0,'4a74141e-c2c0-46a0-9c0c-84bef8be7d0f','lorem',4,0,'4a74141e-c2c0-46a0-9c0c-84bef8be7d0f',20200216090957,'REJECTED',2,2,'\0',NULL),('466','Lorem ipsum dolor.',20200113193122,1970,1970,1970,1970,'[object Object]','lorem',3,0,'4a74141e-c2c0-46a0-9c0c-84bef8be7d0f',20200216093509,'RELEASED',0,0,'\0',NULL),('467','Lorem ipsum dolor.',20200113193128,1970,1970,1970,1970,'[object Object]','lorem',5,0,'4a74141e-c2c0-46a0-9c0c-84bef8be7d0f',20200220185028,'RELEASED',3,1,'\0',NULL),('468','Lorem ipsum dolor.',20200113193137,0,0,0,0,'4a74141e-c2c0-46a0-9c0c-84bef8be7d0f','lorem',3,0,'4a74141e-c2c0-46a0-9c0c-84bef8be7d0f',20200123121313,'RELEASED',3,0,'\0',NULL),('469','Lorem ipsum dolor.',20200113193321,0,0,0,0,'4a74141e-c2c0-46a0-9c0c-84bef8be7d0f','www.lol.com',3,0,'4a74141e-c2c0-46a0-9c0c-84bef8be7d0f',20200216212048,'RELEASED',3,0,'\0',NULL),('470','tocotronic',20200113202601,1970,1970,1970,1970,'[object Object]','www.lorem12.com',2,0,'4a74141e-c2c0-46a0-9c0c-84bef8be7d0f',20200216101932,'RELEASED',3,0,'\0',NULL),('471','Viva con agua',20200117190737,1970,1970,1970,1970,'[object Object]','www.scoop.com',6,0,'4a74141e-c2c0-46a0-9c0c-84bef8be7d0f',20200216103402,'RELEASED',5,0,'\0',NULL),('472','Test 1',20200118115029,0,0,0,0,'4a74141e-c2c0-46a0-9c0c-84bef8be7d0f','www.scoop-com.com',2,0,'4a74141e-c2c0-46a0-9c0c-84bef8be7d0f',20200216212116,'RELEASED',3,0,'\0',NULL),('473','Lorem ipsum.',20200127133218,0,0,0,0,'4a74141e-c2c0-46a0-9c0c-84bef8be7d0f','www.scoop.com',3,0,'4a74141e-c2c0-46a0-9c0c-84bef8be7d0f',20200127133218,'UNRELEASED',1,0,'\0',NULL),('474','Lorem ipsum.',20200127133806,0,0,0,0,'4a74141e-c2c0-46a0-9c0c-84bef8be7d0f','www.scoop.com',3,0,'4a74141e-c2c0-46a0-9c0c-84bef8be7d0f',20200127133806,'UNRELEASED',1,0,'\0',NULL),('475','scoop',20200210123422,0,0,0,0,'8d411dc4-e76f-4d0e-a027-056a0bc43be5','www.scoop.com',4,0,'4a74141e-c2c0-46a0-9c0c-84bef8be7d0f',20200216212144,'RELEASED',3,0,'\0',NULL),('476','scoop',20200210123541,0,0,0,0,'8d411dc4-e76f-4d0e-a027-056a0bc43be5','www.scoop.com',4,0,'4a74141e-c2c0-46a0-9c0c-84bef8be7d0f',20200210123541,'UNRELEASED',3,0,'\0',NULL),('477','Lorem ipsum dolor sit.',20200210123929,0,0,0,0,'4a74141e-c2c0-46a0-9c0c-84bef8be7d0f','www.scoop.com',3,0,'4a74141e-c2c0-46a0-9c0c-84bef8be7d0f',20200210123929,'UNRELEASED',2,0,'\0',NULL),('478','Lorem ipsum.',20200210124621,0,0,0,0,'4a74141e-c2c0-46a0-9c0c-84bef8be7d0f','www.com.com',3,0,'4a74141e-c2c0-46a0-9c0c-84bef8be7d0f',20200210124621,'UNRELEASED',2,0,'\0',NULL),('479','Lorem ipsum.',20200210124908,0,0,0,0,'4a74141e-c2c0-46a0-9c0c-84bef8be7d0f','www.com.com',3,0,'4a74141e-c2c0-46a0-9c0c-84bef8be7d0f',20200210124908,'UNRELEASED',2,0,'\0',NULL),('480','Lorem ipsum.',20200210125802,2147483647,0,0,0,'4a74141e-c2c0-46a0-9c0c-84bef8be7d0f','www.com.com',3,0,'4a74141e-c2c0-46a0-9c0c-84bef8be7d0f',20200210125802,'UNRELEASED',2,0,'\0',NULL),('481','Lorem ipsum.',20200210125840,2147483647,0,0,0,'4a74141e-c2c0-46a0-9c0c-84bef8be7d0f','www.com.com',3,0,'4a74141e-c2c0-46a0-9c0c-84bef8be7d0f',20200210125840,'UNRELEASED',2,0,'\0',NULL),('482','Lorem ipsum.',20200210130057,1581339657541,1581339657541,1581339657541,1581339657541,'4a74141e-c2c0-46a0-9c0c-84bef8be7d0f','www.com.com',3,0,'4a74141e-c2c0-46a0-9c0c-84bef8be7d0f',20200216215539,'RELEASED',2,0,'\0',NULL),('483','Lorem ipsum.',20200210132258,2020,2020,2020,2020,'4a74141e-c2c0-46a0-9c0c-84bef8be7d0f','www.com.com',3,0,'4a74141e-c2c0-46a0-9c0c-84bef8be7d0f',20200220185237,'RELEASED',2,1,'\0',NULL),('484','lorem',20200210164017,1581352816566,1581352816566,1581352816566,1581352816566,'4a74141e-c2c0-46a0-9c0c-84bef8be7d0f','www.scoop.com',3,0,'8d411dc4-e76f-4d0e-a027-056a0bc43be5',20200216215535,'RELEASED',1,0,'\0',NULL),('485','lorem',20200210164141,1581352900908,1581352900908,1581352900908,1581352900908,'4a74141e-c2c0-46a0-9c0c-84bef8be7d0f','www.scoop.com',3,0,'8d411dc4-e76f-4d0e-a027-056a0bc43be5',20200210164141,'UNRELEASED',1,0,'\0',NULL),('486','Lorem ipsum dolor',20200210191238,1581361957966,1581361957966,1581361957966,1581361957966,'4a74141e-c2c0-46a0-9c0c-84bef8be7d0f','www.scoop.com',4,0,'8d411dc4-e76f-4d0e-a027-056a0bc43be5',20200210191238,'UNRELEASED',2,0,'\0',NULL),('487','Lorem ipsum dolor',20200210191738,1581362258480,1581362258480,1581362258480,1581362258480,'4a74141e-c2c0-46a0-9c0c-84bef8be7d0f','www.scoop.com',4,0,'8d411dc4-e76f-4d0e-a027-056a0bc43be5',20200210191738,'UNRELEASED',2,0,'\0',NULL),('488','Lorem ipsum dolor',20200210191917,1581362357363,1581362357363,1581362357363,1581362357363,'4a74141e-c2c0-46a0-9c0c-84bef8be7d0f','www.scoop.com',4,0,'8d411dc4-e76f-4d0e-a027-056a0bc43be5',20200210191917,'UNRELEASED',2,0,'\0',NULL),('489','Lorem ipsum dolor',20200210192003,1581362402711,1581362402711,1581362402711,1581362402711,'4a74141e-c2c0-46a0-9c0c-84bef8be7d0f','www.scoop.com',4,0,'8d411dc4-e76f-4d0e-a027-056a0bc43be5',20200210192003,'UNRELEASED',2,0,'\0',NULL),('490','Lorem ipsum dolor',20200210192004,1581362404384,1581362404384,1581362404384,1581362404384,'4a74141e-c2c0-46a0-9c0c-84bef8be7d0f','www.scoop.com',4,0,'8d411dc4-e76f-4d0e-a027-056a0bc43be5',20200210192004,'UNRELEASED',2,0,'\0',NULL),('491','Lorem ipsum dolor',20200210192005,1581362405395,1581362405395,1581362405395,1581362405395,'4a74141e-c2c0-46a0-9c0c-84bef8be7d0f','www.scoop.com',4,0,'8d411dc4-e76f-4d0e-a027-056a0bc43be5',20200210192005,'UNRELEASED',2,0,'\0',NULL),('492','SCOOP',20200210211025,1581369024281,1581369024281,1581369024281,1581369024281,'4a74141e-c2c0-46a0-9c0c-84bef8be7d0f','www.scoop.com',3,0,'8d411dc4-e76f-4d0e-a027-056a0bc43be5',20200210211025,'UNRELEASED',2,0,'\0',NULL),('493','SCOOP',20200210211043,1581369043583,1581369043583,1581369043583,1581369043583,'4a74141e-c2c0-46a0-9c0c-84bef8be7d0f','www.scoop.com',3,0,'8d411dc4-e76f-4d0e-a027-056a0bc43be5',20200210211043,'UNRELEASED',2,0,'\0',NULL),('493e2a22-dbbb-476c-a522-942e5f32d352','test',20200312101600,1231231312,123141234231,12123123123,13112314,'13123123','website',1,1,'8d411dc4-e76f-4d0e-a027-056a0bc43be5',20200312101600,'UNRELEASED',1,0,'\0','321'),('494','SCOOP',20200210211044,1581369043736,1581369043736,1581369043736,1581369043736,'4a74141e-c2c0-46a0-9c0c-84bef8be7d0f','www.scoop.com',3,0,'8d411dc4-e76f-4d0e-a027-056a0bc43be5',20200210211044,'UNRELEASED',2,0,'\0',NULL),('495','SCOOP',20200210211044,1581369043875,1581369043875,1581369043875,1581369043875,'4a74141e-c2c0-46a0-9c0c-84bef8be7d0f','www.scoop.com',3,0,'8d411dc4-e76f-4d0e-a027-056a0bc43be5',20200210211044,'UNRELEASED',2,0,'\0',NULL),('496','SCOOP',20200210211044,1581369044013,1581369044013,1581369044013,1581369044013,'4a74141e-c2c0-46a0-9c0c-84bef8be7d0f','www.scoop.com',3,0,'8d411dc4-e76f-4d0e-a027-056a0bc43be5',20200210211044,'UNRELEASED',2,0,'\0',NULL),('497','SCOOP',20200210211044,1581369044160,1581369044160,1581369044160,1581369044160,'4a74141e-c2c0-46a0-9c0c-84bef8be7d0f','www.scoop.com',3,0,'8d411dc4-e76f-4d0e-a027-056a0bc43be5',20200210211044,'UNRELEASED',2,0,'\0',NULL),('498','Spooky shit',20200215082231,1581754950994,1581754950994,1581754950994,1581754950994,'8d411dc4-e76f-4d0e-a027-056a0bc43be5','www.vca.com',3,0,'4a74141e-c2c0-46a0-9c0c-84bef8be7d0f',20200215082231,'UNRELEASED',2,0,'\0',NULL),('499','access',20200215110627,1581764786785,1581764786785,1581764786785,1581764786785,'4a74141e-c2c0-46a0-9c0c-84bef8be7d0f','www.scoop.com',4,0,'4a74141e-c2c0-46a0-9c0c-84bef8be7d0f',20200215111045,'CANCELED',1,0,'\0',NULL),('4b3f340a-acde-40cd-b618-a08bf1af50f4','test',20200313080005,1231231312,123141234231,12123123123,13112314,'13123123','website',1,1,'8d411dc4-e76f-4d0e-a027-056a0bc43be5',20200313080005,'UNRELEASED',1,0,'\0','321'),('4e79617b-0d9f-4f17-8e69-634954ef094c','scoop',20200313223523,0,0,0,0,'4a74141e-c2c0-46a0-9c0c-84bef8be7d0f','wwww.scoop.com',3,0,'4a74141e-c2c0-46a0-9c0c-84bef8be7d0f',NULL,'UNRELEASED',0,1,'\0',NULL),('4e7b668c-9b4b-468d-baab-8613866f5e69','scoop',20200313223628,0,0,0,0,'4a74141e-c2c0-46a0-9c0c-84bef8be7d0f','wwww.scoop.com',3,0,'4a74141e-c2c0-46a0-9c0c-84bef8be7d0f',NULL,'UNRELEASED',0,1,'\0',NULL),('500','scoop',20200215114622,1581767181708,1581767181708,1581767181708,1581767181708,'4a74141e-c2c0-46a0-9c0c-84bef8be7d0f','www.scoop.com',3,1,'4a74141e-c2c0-46a0-9c0c-84bef8be7d0f',20200215114622,'UNRELEASED',2,0,'\0',NULL),('501','scoop',20200215115314,1581767594234,1581767594234,1581767594234,1581767594234,'4a74141e-c2c0-46a0-9c0c-84bef8be7d0f','www.scoop.com',3,1,'4a74141e-c2c0-46a0-9c0c-84bef8be7d0f',20200215115314,'UNRELEASED',2,0,'\0',NULL),('502','scoop',20200215115407,1581767647132,1581767647132,1581767647132,1581767647132,'4a74141e-c2c0-46a0-9c0c-84bef8be7d0f','www.scoop.com',3,1,'4a74141e-c2c0-46a0-9c0c-84bef8be7d0f',20200215115407,'UNRELEASED',2,0,'\0',NULL),('503','scoop',20200215115513,1581767713553,1581767713553,1581767713553,1581767713553,'4a74141e-c2c0-46a0-9c0c-84bef8be7d0f','www.scoop.com',3,1,'4a74141e-c2c0-46a0-9c0c-84bef8be7d0f',20200216212237,'RELEASED',2,0,'\0',NULL),('504','scoop',20200215115748,1581767868017,1581767868017,1581767868017,1581767868017,'4a74141e-c2c0-46a0-9c0c-84bef8be7d0f','www.scoop.com',3,1,'4a74141e-c2c0-46a0-9c0c-84bef8be7d0f',20200215115748,'UNRELEASED',2,0,'\0',NULL),('505','Lorem ipsum.',20200215120239,1581768158968,1581768158968,1581768158968,1581768158968,'4a74141e-c2c0-46a0-9c0c-84bef8be7d0f','www.scoop.com',2,0,'4a74141e-c2c0-46a0-9c0c-84bef8be7d0f',20200215120239,'UNRELEASED',2,0,'\0',NULL),('506','Lorem ipsum.',20200215120408,1581768248348,1581768248348,1581768248348,1581768248348,'4a74141e-c2c0-46a0-9c0c-84bef8be7d0f','www.scoop.com',2,0,'4a74141e-c2c0-46a0-9c0c-84bef8be7d0f',20200215120408,'UNRELEASED',2,0,'\0',NULL),('507','schit',20200215120744,1581768463861,1581768463861,1581768463861,1581768463861,'4a74141e-c2c0-46a0-9c0c-84bef8be7d0f','www.scoop.com',2,0,'4a74141e-c2c0-46a0-9c0c-84bef8be7d0f',20200215120744,'UNRELEASED',1,0,'\0',NULL),('508','schit',20200215121039,1581768639430,1581768639430,1581768639430,1581768639430,'4a74141e-c2c0-46a0-9c0c-84bef8be7d0f','www.scoop.com',2,0,'4a74141e-c2c0-46a0-9c0c-84bef8be7d0f',20200215121039,'UNRELEASED',1,0,'\0',NULL),('509','schit',20200215121130,1581768690057,1581768690057,1581768690057,1581768690057,'4a74141e-c2c0-46a0-9c0c-84bef8be7d0f','www.scoop.com',2,0,'4a74141e-c2c0-46a0-9c0c-84bef8be7d0f',20200215121130,'UNRELEASED',1,0,'\0',NULL),('510','schit',20200215121440,1581768880240,1581768880240,1581768880240,1581768880240,'4a74141e-c2c0-46a0-9c0c-84bef8be7d0f','www.scoop.com',2,0,'4a74141e-c2c0-46a0-9c0c-84bef8be7d0f',20200215121440,'UNRELEASED',1,0,'\0',NULL),('511','schit',20200215121613,1581768973093,1581768973093,1581768973093,1581768973093,'4a74141e-c2c0-46a0-9c0c-84bef8be7d0f','www.scoop.com',2,0,'4a74141e-c2c0-46a0-9c0c-84bef8be7d0f',20200215121613,'UNRELEASED',1,0,'\0',NULL),('512','schit',20200215121630,1581768990263,1581768990263,1581768990263,1581768990263,'4a74141e-c2c0-46a0-9c0c-84bef8be7d0f','www.scoop.com',2,0,'4a74141e-c2c0-46a0-9c0c-84bef8be7d0f',20200215121630,'UNRELEASED',1,0,'\0',NULL),('513','schit',20200215121836,1581769115600,1581769115600,1581769115600,1581769115600,'4a74141e-c2c0-46a0-9c0c-84bef8be7d0f','www.scoop.com',2,0,'4a74141e-c2c0-46a0-9c0c-84bef8be7d0f',20200215121836,'UNRELEASED',1,0,'\0',NULL),('514','schit',20200215121914,1581769154320,1581769154320,1581769154320,1581769154320,'4a74141e-c2c0-46a0-9c0c-84bef8be7d0f','www.scoop.com',2,0,'4a74141e-c2c0-46a0-9c0c-84bef8be7d0f',20200215121914,'UNRELEASED',1,0,'\0',NULL),('515','schit',20200215122025,1581769225078,1581769225078,1581769225078,1581769225078,'4a74141e-c2c0-46a0-9c0c-84bef8be7d0f','www.scoop.com',2,0,'4a74141e-c2c0-46a0-9c0c-84bef8be7d0f',20200215122025,'UNRELEASED',1,0,'\0',NULL),('516','schit',20200215122258,1581769377533,1581769377533,1581769377533,1581769377533,'4a74141e-c2c0-46a0-9c0c-84bef8be7d0f','www.scoop.com',2,0,'4a74141e-c2c0-46a0-9c0c-84bef8be7d0f',20200215122258,'UNRELEASED',1,0,'\0',NULL),('517','schit',20200215122611,1581769571049,1581769571049,1581769571049,1581769571049,'4a74141e-c2c0-46a0-9c0c-84bef8be7d0f','www.scoop.com',2,0,'4a74141e-c2c0-46a0-9c0c-84bef8be7d0f',20200215122611,'UNRELEASED',1,0,'\0',NULL),('518','schit',20200215122626,1581769585927,1581769585927,1581769585927,1581769585927,'4a74141e-c2c0-46a0-9c0c-84bef8be7d0f','www.scoop.com',2,0,'4a74141e-c2c0-46a0-9c0c-84bef8be7d0f',20200215122626,'UNRELEASED',1,0,'\0',NULL),('519','schit',20200215122809,1581769688745,1581769688745,1581769688745,1581769688745,'4a74141e-c2c0-46a0-9c0c-84bef8be7d0f','www.scoop.com',2,0,'4a74141e-c2c0-46a0-9c0c-84bef8be7d0f',20200215122809,'UNRELEASED',1,0,'\0',NULL),('520','schit',20200215123402,1581770042313,1581770042313,1581770042313,1581770042313,'4a74141e-c2c0-46a0-9c0c-84bef8be7d0f','www.scoop.com',6,0,'4a74141e-c2c0-46a0-9c0c-84bef8be7d0f',20200215123402,'UNRELEASED',1,0,'\0',NULL),('521','schit',20200215123834,2020,2020,2020,2020,'[object Object]','www.scoop.com',6,0,'4a74141e-c2c0-46a0-9c0c-84bef8be7d0f',20200216095212,'UNRELEASED',0,0,'\0',NULL),('522','scoop',20200216094116,2020,2020,2020,2020,'[object Object]','www.scoop.com',4,1,'4a74141e-c2c0-46a0-9c0c-84bef8be7d0f',20200216094841,'UNRELEASED',0,0,'\0',NULL),('523','Lorem ipsum dolor.',20200220135325,1582206804900,1582206804900,1582206804900,1582206804900,'8d411dc4-e76f-4d0e-a027-056a0bc43be5','www.scoop.com',2,0,'4a74141e-c2c0-46a0-9c0c-84bef8be7d0f',20200220135325,'UNRELEASED',2,0,'\0',NULL),('524','Hot ones',20200220180043,2020,2020,2020,2020,'4a74141e-c2c0-46a0-9c0c-84bef8be7d0f','www.hotones.com',2,0,'4a74141e-c2c0-46a0-9c0c-84bef8be7d0f',20200220180959,'RELEASED',3,1,'\0',NULL),('5cbbd2b0-264d-427e-9f6f-5e14d862c16e','test',20200312101447,1231231312,123141234231,12123123123,13112314,'13123123','website',1,1,'8d411dc4-e76f-4d0e-a027-056a0bc43be5',20200312101447,'UNRELEASED',1,0,'\0','321'),('6186f428-0dc8-4c8f-b509-7ddc8fc1a23c','test',20200312211013,1231231312,123141234231,12123123123,13112314,'13123123','website',1,1,'8d411dc4-e76f-4d0e-a027-056a0bc43be5',20200312211013,'UNRELEASED',1,0,'\0','321'),('62f817cb-77bf-4edd-80f0-4f0cce8654ba','test',20200312104432,1231231312,123141234231,12123123123,13112314,'13123123','website',1,1,'8d411dc4-e76f-4d0e-a027-056a0bc43be5',20200312104432,'UNRELEASED',1,0,'\0','321'),('7861f14f-916d-4578-bcc7-16e093147608','scoop',20200313223450,0,0,0,0,'4a74141e-c2c0-46a0-9c0c-84bef8be7d0f','wwww.scoop.com',3,0,'4a74141e-c2c0-46a0-9c0c-84bef8be7d0f',NULL,'UNRELEASED',0,1,'\0',NULL),('799a4526-53bb-4478-ae65-1c9cd2cf16f4','scoop',20200313222309,0,0,0,0,'4a74141e-c2c0-46a0-9c0c-84bef8be7d0f','wwww.scoop.com',3,0,'4a74141e-c2c0-46a0-9c0c-84bef8be7d0f',NULL,'UNRELEASED',0,1,'\0',NULL),('7e100208-8ab5-4df2-a6ec-43193a88fedc','test',20200313080103,1231231312,123141234231,12123123123,13112314,'13123123','website',1,1,'8d411dc4-e76f-4d0e-a027-056a0bc43be5',20200313080103,'UNRELEASED',1,0,'\0','321'),('836ca3d0-382f-4d02-b4ce-1c84c024e8ec','scoop',20200313222343,0,0,0,0,'4a74141e-c2c0-46a0-9c0c-84bef8be7d0f','wwww.scoop.com',3,0,'4a74141e-c2c0-46a0-9c0c-84bef8be7d0f',NULL,'UNRELEASED',0,1,'\0',NULL),('89cf22d8-1239-4873-913e-35e11105e269','scoop',20200313223615,0,0,0,0,'4a74141e-c2c0-46a0-9c0c-84bef8be7d0f','wwww.scoop.com',3,0,'4a74141e-c2c0-46a0-9c0c-84bef8be7d0f',NULL,'UNRELEASED',0,1,'\0',NULL),('89eb4f9c-1493-4908-b69c-421fd3df5c9d','test',20200313094319,1231231312,123141234231,12123123123,13112314,'13123123','website',1,1,'8d411dc4-e76f-4d0e-a027-056a0bc43be5',20200313094319,'UNRELEASED',1,0,'\0','321'),('91becf5e-32ac-480c-8057-b11b8a0fbd2b','test',20200313094216,1231231312,123141234231,12123123123,13112314,'13123123','website',1,1,'8d411dc4-e76f-4d0e-a027-056a0bc43be5',20200313094216,'UNRELEASED',1,0,'\0','321'),('bc8599b6-6259-4a40-b0b5-3cc9f531fdca','test',20200312101605,1231231312,123141234231,12123123123,13112314,'13123123','website',1,1,'8d411dc4-e76f-4d0e-a027-056a0bc43be5',20200312101605,'UNRELEASED',1,0,'\0','321'),('c1995a59-7734-4bb0-9577-c19b735496e6','scoop',20200313223549,0,0,0,0,'4a74141e-c2c0-46a0-9c0c-84bef8be7d0f','wwww.scoop.com',3,0,'4a74141e-c2c0-46a0-9c0c-84bef8be7d0f',NULL,'UNRELEASED',0,1,'\0',NULL),('cbbaa5d9-ed19-487d-9d70-8bc855e2bb50','test',20200312092124,123123131,123141234231,12123123123,13112314,'13123123','website',1,1,'32a1sda4da65',20200312092124,'UNRELEASED',1,0,'\0','321'),('ce2c3f41-41ac-4cc6-85a2-60fd29510465','test',20200312211017,1231231312,123141234231,12123123123,13112314,'13123123','website',1,1,'8d411dc4-e76f-4d0e-a027-056a0bc43be5',20200312211017,'UNRELEASED',1,0,'\0','321'),('dcec8909-825f-43a5-a3e9-484cdacab58d','test',20200312211004,1231231312,123141234231,12123123123,13112314,'13123123','website',1,1,'8d411dc4-e76f-4d0e-a027-056a0bc43be5',20200312211004,'UNRELEASED',1,0,'\0','321'),('e0778b97-f883-48ac-a962-f88404fef387','scoop',20200313224412,0,0,0,0,'4a74141e-c2c0-46a0-9c0c-84bef8be7d0f','wwww.scoop.com',3,0,'4a74141e-c2c0-46a0-9c0c-84bef8be7d0f',NULL,'UNRELEASED',0,1,'\0',NULL),('e4a1b4c0-436b-4260-9e3c-4d9d193526d0','test',20200312093020,1231231312,123141234231,12123123123,13112314,'13123123','website',1,1,'32a1sda4da65',20200312093020,'UNRELEASED',1,0,'\0','321'),('ee6b90e0-977a-40e6-8e40-f806d6d49d89','scoop',20200313223404,0,0,0,0,'4a74141e-c2c0-46a0-9c0c-84bef8be7d0f','wwww.scoop.com',3,0,'4a74141e-c2c0-46a0-9c0c-84bef8be7d0f',NULL,'UNRELEASED',0,1,'\0',NULL),('f9170406-b9af-4890-8ef0-ff2f6eb5a830','test',20200312101550,1231231312,123141234231,12123123123,13112314,'13123123','website',1,1,'8d411dc4-e76f-4d0e-a027-056a0bc43be5',20200312101550,'UNRELEASED',1,0,'\0','321'),('fde60f19-0c4a-4f2b-8590-ab0f27b673ff','test',20200313080100,1231231312,123141234231,12123123123,13112314,'13123123','website',1,1,'8d411dc4-e76f-4d0e-a027-056a0bc43be5',20200313080100,'UNRELEASED',1,0,'\0','321');
/*!40000 ALTER TABLE `poolevents` ENABLE KEYS */;
UNLOCK TABLES;

--
-- Table structure for table `roles`
--

DROP TABLE IF EXISTS `roles`;
/*!40101 SET @saved_cs_client     = @@character_set_client */;
/*!40101 SET character_set_client = utf8 */;
CREATE TABLE `roles` (
  `idroles` int(11) NOT NULL AUTO_INCREMENT,
  `role` varchar(45) NOT NULL,
  `user_id` varchar(128) NOT NULL,
  PRIMARY KEY (`idroles`)
) ENGINE=InnoDB AUTO_INCREMENT=15 DEFAULT CHARSET=utf8mb4;
/*!40101 SET character_set_client = @saved_cs_client */;

--
-- Dumping data for table `roles`
--

LOCK TABLES `roles` WRITE;
/*!40000 ALTER TABLE `roles` DISABLE KEYS */;
INSERT INTO `roles` VALUES (12,'supporter','4a74141e-c2c0-46a0-9c0c-84bef8be7d0f'),(13,'admin','4a74141e-c2c0-46a0-9c0c-84bef8be7d0f'),(14,'supporter','8d411dc4-e76f-4d0e-a027-056a0bc43be5');
/*!40000 ALTER TABLE `roles` ENABLE KEYS */;
UNLOCK TABLES;

--
-- Table structure for table `users`
--

DROP TABLE IF EXISTS `users`;
/*!40101 SET @saved_cs_client     = @@character_set_client */;
/*!40101 SET character_set_client = utf8 */;
CREATE TABLE `users` (
  `id` varchar(128) NOT NULL,
  `first_name` varchar(45) DEFAULT NULL,
  `last_name` varchar(45) DEFAULT NULL,
  `created_at` timestamp NOT NULL DEFAULT current_timestamp(),
  `edited_at` timestamp NOT NULL DEFAULT current_timestamp() ON UPDATE current_timestamp(),
  `email_address` varchar(50) DEFAULT NULL,
  `age` int(11) DEFAULT NULL,
  `access_token` text DEFAULT NULL,
  `full_name` varchar(45) DEFAULT NULL,
  `verfied` tinyint(4) NOT NULL DEFAULT 1,
  `refresh_token` text DEFAULT NULL,
  PRIMARY KEY (`id`)
) ENGINE=InnoDB DEFAULT CHARSET=utf8mb4;
/*!40101 SET character_set_client = @saved_cs_client */;

--
-- Dumping data for table `users`
--

LOCK TABLES `users` WRITE;
/*!40000 ALTER TABLE `users` DISABLE KEYS */;
INSERT INTO `users` VALUES ('4a74141e-c2c0-46a0-9c0c-84bef8be7d0f','Doe','John','2020-01-11 13:46:16','2020-02-20 17:57:45',NULL,NULL,'b70487c20e63cc1d9ac197c3','John Doe',1,'e5a9c19fc99f885c4e94ea76'),('8d411dc4-e76f-4d0e-a027-056a0bc43be5','waves','dev','2020-01-11 21:27:23','2020-02-15 10:04:27',NULL,NULL,'10d1b9af9cc21805e43579f4','dev waves',1,'14a06b64e395960be4c1f72d');
/*!40000 ALTER TABLE `users` ENABLE KEYS */;
UNLOCK TABLES;

--
-- Table structure for table `votes`
--

DROP TABLE IF EXISTS `votes`;
/*!40101 SET @saved_cs_client     = @@character_set_client */;
/*!40101 SET character_set_client = utf8 */;
CREATE TABLE `votes` (
  `id` varchar(225) NOT NULL,
  `user_id` varchar(128) NOT NULL,
  `created_at` timestamp NOT NULL DEFAULT current_timestamp(),
  `comment_id` int(11) NOT NULL,
  PRIMARY KEY (`id`),
  UNIQUE KEY `u_user_id_comment_id` (`user_id`,`comment_id`),
  KEY `fk_uservote_id_idx` (`user_id`),
  KEY `fk_votecomment_id_idx` (`comment_id`)
) ENGINE=InnoDB DEFAULT CHARSET=utf8mb4;
/*!40101 SET character_set_client = @saved_cs_client */;

--
-- Dumping data for table `votes`
--

LOCK TABLES `votes` WRITE;
/*!40000 ALTER TABLE `votes` DISABLE KEYS */;
INSERT INTO `votes` VALUES ('058c40b9-950c-4056-ba1d-79ded7857b4a','c446157a-ed20-4f1c-bb31-672bc1bb66d5','2020-03-10 21:03:30',140),('127','8d411dc4-e76f-4d0e-a027-056a0bc43be5','2020-01-12 11:06:28',140),('128','4a74141e-c2c0-46a0-9c0c-84bef8be7d0f','2020-01-13 17:44:27',140),('129','4a74141e-c2c0-46a0-9c0c-84bef8be7d0f','2020-01-21 21:17:58',142),('130','4a74141e-c2c0-46a0-9c0c-84bef8be7d0f','2020-01-23 20:20:08',150),('131','4a74141e-c2c0-46a0-9c0c-84bef8be7d0f','2020-02-06 11:00:49',156),('132','8d411dc4-e76f-4d0e-a027-056a0bc43be5','2020-02-09 11:14:38',157),('133','8d411dc4-e76f-4d0e-a027-056a0bc43be5','2020-02-10 19:08:17',158),('134','4a74141e-c2c0-46a0-9c0c-84bef8be7d0f','2020-02-12 21:24:06',159),('135','4a74141e-c2c0-46a0-9c0c-84bef8be7d0f','2020-02-15 13:20:50',158),('136','4a74141e-c2c0-46a0-9c0c-84bef8be7d0f','2020-02-20 13:04:21',160),('145','scoop','2020-03-09 22:40:04',140),('147','1246316273','2020-03-09 22:41:21',140),('148','1246316273asdasd','2020-03-09 22:45:33',140),('151','1246316273asdaasdsd','2020-03-09 22:47:46',140),('152','1246316273asdaasdsd34as5d','2020-03-09 22:48:20',140),('153','05f50ccf-30ed-4585-9fb2-492294fe05c7','2020-03-09 22:51:32',140),('154','667e0cef-cb71-4606-8772-5cac84c877aa','2020-03-09 22:51:39',140),('155','37cb23c9-2696-45cf-a1ce-9022b55577e6','2020-03-09 22:55:20',140),('156','64a3dbf3-cd13-4a69-be48-c45b74d778b9','2020-03-09 22:57:27',140),('157','166aa7d9-f4c5-4a53-ae61-ad8b88da159f','2020-03-09 23:07:09',140),('158','10335bff-d140-4c9e-8d06-3055150a161d','2020-03-09 23:08:02',140),('159','432116b6-601f-43fc-a8fb-ac339db7dde7','2020-03-09 23:09:27',140),('160','1b75ee1f-dcc3-4afd-864b-4421a808445e','2020-03-09 23:11:05',140),('161','128d677f-2aa8-467d-9ae7-66703ffe1950','2020-03-09 23:12:33',140),('34adcce4-96b8-4cd4-bcbe-5026fb5aa5be','dc5b42c1-248f-403d-8377-b37d205cbc98','2020-03-10 20:51:21',140),('5a437c2f-b8ae-4c55-b8d0-b90233c44003','3c40bf05-ca7b-4037-af52-4339001c8025','2020-03-10 20:50:48',140),('68e10d81-1c57-4602-88b1-8ffebb3a883c','94b8369d-1bc6-4c27-862f-f3158e181f46','2020-03-10 21:01:42',140);
/*!40000 ALTER TABLE `votes` ENABLE KEYS */;
UNLOCK TABLES;
/*!40103 SET TIME_ZONE=@OLD_TIME_ZONE */;

/*!40101 SET SQL_MODE=@OLD_SQL_MODE */;
/*!40014 SET FOREIGN_KEY_CHECKS=@OLD_FOREIGN_KEY_CHECKS */;
/*!40014 SET UNIQUE_CHECKS=@OLD_UNIQUE_CHECKS */;
/*!40101 SET CHARACTER_SET_CLIENT=@OLD_CHARACTER_SET_CLIENT */;
/*!40101 SET CHARACTER_SET_RESULTS=@OLD_CHARACTER_SET_RESULTS */;
/*!40101 SET COLLATION_CONNECTION=@OLD_COLLATION_CONNECTION */;
/*!40111 SET SQL_NOTES=@OLD_SQL_NOTES */;

-- Dump completed on 2020-03-16 20:43:03
